BoreID,HydroCode,RefElev,RefElevDesc,FromDepth,ToDepth,TopElev,BottomElev,HGUID,HGUNumber,NafHGUNumber,Description,Author,Source,Comment,Scenario,LogType,HydroID,NafHGUName,GA_UNIT,GA_STRATNO
40090280,4516,143.6,NGS,0,,143.6,,-49999999,-9999,-9999,QUATERNARY*TERTIARY,UNK,QLD DNRME GWDB - DNR,,1,1,-49999999,Unknown,,-999999
40090280,4516,143.6,NGS,,496.8,,-353.2,-49999999,-9999,-9999,HOORAY SANDSTONE,UNK,QLD DNRME GWDB - DNR,,1,1,-49999999,Unknown,,-999999
40004926,4645,137.2,NGS,0,,137.2,,41000169,1168,119001,TERTIARY SEDIMENTS,UNK,QLD DNRME GWDB - DNR,,1,1,41000169,Undifferentiated Tertiary sediments,,-999999
40004926,4645,137.2,NGS,,65.5,,71.7,-49999999,-9999,-9999,COREENA MEMBER,UNK,QLD DNRME GWDB - DNR,,1,1,-49999999,Unknown,,-999999
40153914,5476,127.4,NGS,0,30.5,127.4,96.9,-49999999,-9999,-9999,QUATERNARY*TERTIARY,UNK,QLD DNRME GWDB - DNR,,1,1,-49999999,Unknown,,-999999
40106874,5689,128.1,NGS,0,7.3,128.1,120.8,41000169,1168,119001,TERTIARY SEDIMENTS,UNK,QLD DNRME GWDB - DNR,,1,1,41000169,Undifferentiated Tertiary sediments,,-999999
40047977,5690,127.7,NGS,0,30.5,127.7,97.2,-49999999,-9999,-9999,QUATERNARY*TERTIARY,UNK,QLD DNRME GWDB - DNR,,1,1,-49999999,Unknown,,-999999
40123659,10978,131.1,NGS,0,,131.1,,-49999999,-9999,-9999,QUATERNARY*TERTIARY,UNK,QLD DNRME GWDB - DNR,,1,1,-49999999,Unknown,,-999999
40123659,10978,131.1,NGS,,135.3,,-4.2,-49999999,-9999,-9999,WALLUMBILLA FORMATION,UNK,QLD DNRME GWDB - DNR,,1,1,-49999999,Unknown,,-999999
40152181,10641A,137.2,NGS,0,25.9,137.2,111.3,-49999999,-9999,-9999,ALLUVIUM,UNK,QLD DNRME GWDB - DNR,,1,1,-49999999,Unknown,,-999999
40152181,10641A,137.2,NGS,25.9,61.9,111.3,75.3,-49999999,-9999,-9999,TERTIARY,UNK,QLD DNRME GWDB - DNR,,1,1,-49999999,Unknown,,-999999
40152181,10641A,137.2,NGS,61.9,187.8,75.3,-50.6,-49999999,-9999,-9999,COREENA MEMBER,UNK,QLD DNRME GWDB - DNR,,1,1,-49999999,Unknown,,-999999
40152181,10641A,137.2,NGS,187.8,341.4,-50.6,-204.2,-49999999,-9999,-9999,DONCASTER MEMBER,UNK,QLD DNRME GWDB - DNR,,1,1,-49999999,Unknown,,-999999
40152181,10641A,137.2,NGS,341.4,376.1,-204.2,-238.9,-49999999,-9999,-9999,WYANDRA SANDSTONE MEMBER,UNK,QLD DNRME GWDB - DNR,,1,1,-49999999,Unknown,,-999999
40152181,10641A,137.2,NGS,376.1,412.7,-238.9,-275.5,41000262,1244,122003,CADNA-OWIE FORMATION,UNK,QLD DNRME GWDB - DNR,,1,1,41000262,GAB Lower Cretaceous to Jurassic sedimentary aquifer,,-999999
40152181,10641A,137.2,NGS,412.7,461.8,-275.5,-324.6,-49999999,-9999,-9999,HOORAY SANDSTONE,UNK,QLD DNRME GWDB - DNR,,1,1,-49999999,Unknown,,-999999
40152181,10641A,137.2,NGS,461.8,478.5,-324.6,-341.3,41000517,1470,133221,TIMBURY HILLS FORMATION,UNK,QLD DNRME GWDB - DNR,,1,1,41000517,Timbury Hills Formation,,-999999
40123058,10979A,132,NGS,0,,132,,-49999999,-9999,-9999,QUATERNARY*TERTIARY,UNK,QLD DNRME GWDB - DNR,,1,1,-49999999,Unknown,,-999999
40123058,10979A,132,NGS,,169.2,,-37.2,-49999999,-9999,-9999,DONCASTER MEMBER,UNK,QLD DNRME GWDB - DNR,,1,1,-49999999,Unknown,,-999999
40146604,11591A,131.1,NGS,0,33.2,131.1,97.9,-49999999,-9999,-9999,QUATERNARY*TERTIARY,UNK,QLD DNRME GWDB - DNR,,1,1,-49999999,Unknown,,-999999
40146604,11591A,131.1,NGS,33.2,160,97.9,-28.9,-49999999,-9999,-9999,COREENA MEMBER,UNK,QLD DNRME GWDB - DNR,,1,1,-49999999,Unknown,,-999999
40143307,12104A,147.24,NGS,0,10.7,147.24,136.54,-49999999,-9999,-9999,ALLUVIUM,UNK,QLD DNRME GWDB - DNR,,1,1,-49999999,Unknown,,-999999
40143307,12104A,147.24,NGS,10.7,28,136.54,119.24,41000169,1168,119001,TERTIARY SEDIMENTS,UNK,QLD DNRME GWDB - DNR,,1,1,41000169,Undifferentiated Tertiary sediments,,-999999
40143307,12104A,147.24,NGS,28,,119.24,,-49999999,-9999,-9999,COREENA MEMBER,UNK,QLD DNRME GWDB - DNR,,1,1,-49999999,Unknown,,-999999
40143307,12104A,147.24,NGS,359.7,,-212.46,,-49999999,-9999,-9999,WYANDRA SANDSTONE MEMBER,UNK,QLD DNRME GWDB - DNR,,1,1,-49999999,Unknown,,-999999
40143307,12104A,147.24,NGS,,359.7,,-212.46,-49999999,-9999,-9999,DONCASTER MEMBER,UNK,QLD DNRME GWDB - DNR,,1,1,-49999999,Unknown,,-999999
40143307,12104A,147.24,NGS,,471.8,,-324.56,-49999999,-9999,-9999,HOORAY SANDSTONE,UNK,QLD DNRME GWDB - DNR,,1,1,-49999999,Unknown,,-999999
40149635,12214A,137,NGS,0,12.2,137,124.8,-49999999,-9999,-9999,ALLUVIUM,UNK,QLD DNRME GWDB - DNR,,1,1,-49999999,Unknown,,-999999
40149635,12214A,137,NGS,12.2,30.5,124.8,106.5,-49999999,-9999,-9999,TERTIARY,UNK,QLD DNRME GWDB - DNR,,1,1,-49999999,Unknown,,-999999
40149635,12214A,137,NGS,30.5,,106.5,,-49999999,-9999,-9999,COREENA MEMBER,UNK,QLD DNRME GWDB - DNR,,1,1,-49999999,Unknown,,-999999
40149635,12214A,137,NGS,352,370.3,-215,-233.3,-49999999,-9999,-9999,WYANDRA SANDSTONE MEMBER,UNK,QLD DNRME GWDB - DNR,,1,1,-49999999,Unknown,,-999999
40149635,12214A,137,NGS,,352,,-215,-49999999,-9999,-9999,DONCASTER MEMBER,UNK,QLD DNRME GWDB - DNR,,1,1,-49999999,Unknown,,-999999
40136062,12472A,132.3,NGS,0,24.4,132.3,107.9,-49999999,-9999,-9999,QUATERNARY*TERTIARY,UNK,QLD DNRME GWDB - DNR,,1,1,-49999999,Unknown,,-999999
40136062,12472A,132.3,NGS,24.4,,107.9,,-49999999,-9999,-9999,COREENA MEMBER,UNK,QLD DNRME GWDB - DNR,,1,1,-49999999,Unknown,,-999999
40136062,12472A,132.3,NGS,,345.9,,-213.6,-49999999,-9999,-9999,WYANDRA SANDSTONE MEMBER,UNK,QLD DNRME GWDB - DNR,,1,1,-49999999,Unknown,,-999999
40151891,12580A,144.84,NGS,0,12.2,144.84,132.64,-49999999,-9999,-9999,ALLUVIUM,UNK,QLD DNRME GWDB - DNR,,1,1,-49999999,Unknown,,-999999
40151891,12580A,144.84,NGS,12.2,,132.64,,41000169,1168,119001,TERTIARY SEDIMENTS,UNK,QLD DNRME GWDB - DNR,,1,1,41000169,Undifferentiated Tertiary sediments,,-999999
40151891,12580A,144.84,NGS,225.6,361.8,-80.76,-216.96,-49999999,-9999,-9999,DONCASTER MEMBER,UNK,QLD DNRME GWDB - DNR,,1,1,-49999999,Unknown,,-999999
40151891,12580A,144.84,NGS,361.8,397.5,-216.96,-252.66,-49999999,-9999,-9999,WYANDRA SANDSTONE MEMBER,UNK,QLD DNRME GWDB - DNR,,1,1,-49999999,Unknown,,-999999
40151891,12580A,144.84,NGS,397.5,481.6,-252.66,-336.76,41000262,1244,122003,CADNA-OWIE FORMATION,UNK,QLD DNRME GWDB - DNR,,1,1,41000262,GAB Lower Cretaceous to Jurassic sedimentary aquifer,,-999999
40151891,12580A,144.84,NGS,481.6,507.5,-336.76,-362.66,-49999999,-9999,-9999,HOORAY SANDSTONE,UNK,QLD DNRME GWDB - DNR,,1,1,-49999999,Unknown,,-999999
40151891,12580A,144.84,NGS,507.5,518.2,-362.66,-373.36,41000517,1470,133221,TIMBURY HILLS FORMATION,UNK,QLD DNRME GWDB - DNR,,1,1,41000517,Timbury Hills Formation,,-999999
40151891,12580A,144.84,NGS,,225.6,,-80.76,-49999999,-9999,-9999,COREENA MEMBER,UNK,QLD DNRME GWDB - DNR,,1,1,-49999999,Unknown,,-999999
40146373,13260A,143.46,NGS,0,2.7,143.46,140.76,-49999999,-9999,-9999,ALLUVIUM,UNK,QLD DNRME GWDB - DNR,,1,1,-49999999,Unknown,,-999999
40146373,13260A,143.46,NGS,2.7,37.2,140.76,106.26,41000169,1168,119001,TERTIARY SEDIMENTS,UNK,QLD DNRME GWDB - DNR,,1,1,41000169,Undifferentiated Tertiary sediments,,-999999
40146373,13260A,143.46,NGS,37.2,195.1,106.26,-51.64,-49999999,-9999,-9999,COREENA MEMBER,UNK,QLD DNRME GWDB - DNR,,1,1,-49999999,Unknown,,-999999
40146373,13260A,143.46,NGS,195.1,320,-51.64,-176.54,-49999999,-9999,-9999,DONCASTER MEMBER,UNK,QLD DNRME GWDB - DNR,,1,1,-49999999,Unknown,,-999999
40146373,13260A,143.46,NGS,320,357.2,-176.54,-213.74,-49999999,-9999,-9999,WYANDRA SANDSTONE MEMBER,UNK,QLD DNRME GWDB - DNR,,1,1,-49999999,Unknown,,-999999
40146373,13260A,143.46,NGS,357.2,396.8,-213.74,-253.34,41000262,1244,122003,CADNA-OWIE FORMATION,UNK,QLD DNRME GWDB - DNR,,1,1,41000262,GAB Lower Cretaceous to Jurassic sedimentary aquifer,,-999999
40146373,13260A,143.46,NGS,396.8,434.3,-253.34,-290.84,-49999999,-9999,-9999,HOORAY SANDSTONE,UNK,QLD DNRME GWDB - DNR,,1,1,-49999999,Unknown,,-999999
40150892,14100A,137.2,NGS,0,,137.2,,-49999999,-9999,-9999,ALLUVIUM,UNK,QLD DNRME GWDB - DNR,,1,1,-49999999,Unknown,,-999999
40150892,14100A,137.2,NGS,19.8,,117.4,,-49999999,-9999,-9999,COREENA MEMBER,UNK,QLD DNRME GWDB - DNR,,1,1,-49999999,Unknown,,-999999
40150892,14100A,137.2,NGS,,357.2,,-220,-49999999,-9999,-9999,WYANDRA SANDSTONE MEMBER,UNK,QLD DNRME GWDB - DNR,,1,1,-49999999,Unknown,,-999999
40150892,14100A,137.2,NGS,,19.8,,117.4,-49999999,-9999,-9999,TERTIARY,UNK,QLD DNRME GWDB - DNR,,1,1,-49999999,Unknown,,-999999
40141615,18194A,140.62,NGS,0,,140.62,,-49999999,-9999,-9999,ALLUVIUM,UNK,QLD DNRME GWDB - DNR,,1,1,-49999999,Unknown,,-999999
40141615,18194A,140.62,NGS,,496.8,,-356.18,-49999999,-9999,-9999,HOORAY SANDSTONE,UNK,QLD DNRME GWDB - DNR,,1,1,-49999999,Unknown,,-999999
40137229,4521A,140.6,NGS,0,,140.6,,-49999999,-9999,-9999,QUATERNARY*TERTIARY,UNK,QLD DNRME GWDB - DNR,,1,1,-49999999,Unknown,,-999999
40137229,4521A,140.6,NGS,,513.6,,-373,-49999999,-9999,-9999,HOORAY SANDSTONE,UNK,QLD DNRME GWDB - DNR,,1,1,-49999999,Unknown,,-999999
40141179,4525A,146,NGS,0,,146,,-49999999,-9999,-9999,QUATERNARY*TERTIARY,UNK,QLD DNRME GWDB - DNR,,1,1,-49999999,Unknown,,-999999
40141179,4525A,146,NGS,,495.6,,-349.6,-49999999,-9999,-9999,HOORAY SANDSTONE,UNK,QLD DNRME GWDB - DNR,,1,1,-49999999,Unknown,,-999999
40141857,4640A,135.67,NGS,0,,135.67,,-49999999,-9999,-9999,QUATERNARY*TERTIARY,UNK,QLD DNRME GWDB - DNR,,1,1,-49999999,Unknown,,-999999
40141857,4640A,135.67,NGS,,533.4,,-397.73,-49999999,-9999,-9999,WYANDRA SANDSTONE MEMBER,UNK,QLD DNRME GWDB - DNR,,1,1,-49999999,Unknown,,-999999
40142449,4642A,137.2,NGS,0,,137.2,,-49999999,-9999,-9999,QUATERNARY*TERTIARY,UNK,QLD DNRME GWDB - DNR,,1,1,-49999999,Unknown,,-999999
40142449,4642A,137.2,NGS,,74.4,,62.8,-49999999,-9999,-9999,COREENA MEMBER,UNK,QLD DNRME GWDB - DNR,,1,1,-49999999,Unknown,,-999999
40135252,4643A,137.2,NGS,0,,137.2,,-49999999,-9999,-9999,QUATERNARY*TERTIARY,UNK,QLD DNRME GWDB - DNR,,1,1,-49999999,Unknown,,-999999
40135252,4643A,137.2,NGS,,76.2,,61,-49999999,-9999,-9999,COREENA MEMBER,UNK,QLD DNRME GWDB - DNR,,1,1,-49999999,Unknown,,-999999
40042447,4644A,137.2,NGS,0,,137.2,,41000169,1168,119001,TERTIARY SEDIMENTS,UNK,QLD DNRME GWDB - DNR,,1,1,41000169,Undifferentiated Tertiary sediments,,-999999
40042447,4644A,137.2,NGS,,76.2,,61,-49999999,-9999,-9999,COREENA MEMBER,UNK,QLD DNRME GWDB - DNR,,1,1,-49999999,Unknown,,-999999
40132454,4647A,129,NGS,0,,129,,-49999999,-9999,-9999,QUATERNARY*TERTIARY,UNK,QLD DNRME GWDB - DNR,,1,1,-49999999,Unknown,,-999999
40132454,4647A,129,NGS,150.6,167.3,-21.6,-38.3,-49999999,-9999,-9999,DONCASTER MEMBER,UNK,QLD DNRME GWDB - DNR,,1,1,-49999999,Unknown,,-999999
40132454,4647A,129,NGS,,150.6,,-21.6,-49999999,-9999,-9999,COREENA MEMBER,UNK,QLD DNRME GWDB - DNR,,1,1,-49999999,Unknown,,-999999
40027463,4648A,131.7,NGS,0,,131.7,,-49999999,-9999,-9999,QUATERNARY*TERTIARY,UNK,QLD DNRME GWDB - DNR,,1,1,-49999999,Unknown,,-999999
40027463,4648A,131.7,NGS,,106.7,,25,-49999999,-9999,-9999,WYANDRA SANDSTONE MEMBER,UNK,QLD DNRME GWDB - DNR,,1,1,-49999999,Unknown,,-999999
40140599,4649A,131.7,NGS,0,,131.7,,-49999999,-9999,-9999,QUATERNARY*TERTIARY,UNK,QLD DNRME GWDB - DNR,,1,1,-49999999,Unknown,,-999999
40140599,4649A,131.7,NGS,,145.7,,-14,-49999999,-9999,-9999,COREENA MEMBER,UNK,QLD DNRME GWDB - DNR,,1,1,-49999999,Unknown,,-999999
40144527,4654A,129.3,NGS,0,,129.3,,-49999999,-9999,-9999,ALLUVIUM,UNK,QLD DNRME GWDB - DNR,,1,1,-49999999,Unknown,,-999999
40144527,4654A,129.3,NGS,46,,83.3,,-49999999,-9999,-9999,COREENA MEMBER,UNK,QLD DNRME GWDB - DNR,,1,1,-49999999,Unknown,,-999999
40144527,4654A,129.3,NGS,,426.7,,-297.4,41000262,1244,122003,CADNA-OWIE FORMATION,UNK,QLD DNRME GWDB - DNR,,1,1,41000262,GAB Lower Cretaceous to Jurassic sedimentary aquifer,,-999999
40144527,4654A,129.3,NGS,,46,,83.3,41000169,1168,119001,TERTIARY SEDIMENTS,UNK,QLD DNRME GWDB - DNR,,1,1,41000169,Undifferentiated Tertiary sediments,,-999999
40142426,6963A,127.1,NGS,0,,127.1,,-49999999,-9999,-9999,QUATERNARY*TERTIARY,UNK,QLD DNRME GWDB - DNR,,1,1,-49999999,Unknown,,-999999
40142426,6963A,127.1,NGS,,396.2,,-269.1,-49999999,-9999,-9999,WYANDRA SANDSTONE MEMBER,UNK,QLD DNRME GWDB - DNR,,1,1,-49999999,Unknown,,-999999
40137532,7080A,137.79,NGS,0,,137.79,,-49999999,-9999,-9999,QUATERNARY*TERTIARY,UNK,QLD DNRME GWDB - DNR,,1,1,-49999999,Unknown,,-999999
40137532,7080A,137.79,NGS,,245.4,,-107.61,-49999999,-9999,-9999,COREENA MEMBER,UNK,QLD DNRME GWDB - DNR,,1,1,-49999999,Unknown,,-999999
40095561,7105A,136.96,NGS,0,,136.96,,-49999999,-9999,-9999,QUATERNARY*TERTIARY,UNK,QLD DNRME GWDB - DNR,,1,1,-49999999,Unknown,,-999999
40095561,7105A,136.96,NGS,,242.6,,-105.64,-49999999,-9999,-9999,COREENA MEMBER,UNK,QLD DNRME GWDB - DNR,,1,1,-49999999,Unknown,,-999999
40005648,7114A,138,NGS,0,94.8,138,43.2,-49999999,-9999,-9999,QUATERNARY*TERTIARY,UNK,QLD DNRME GWDB - DNR,,1,1,-49999999,Unknown,,-999999
10850150,Booligal Creek 1,,,0,129,,,,,,Cenozoic alluvium,UNK,Well Completion Report,,1,1,-49999999,Unknown,,-999999
10850150,Booligal Creek 1,,,129,267,,,11000023,110007,110008,"? Renmark Gp? firm cemented sandstone of Tertiary age, light brown, cross-bedded, occasional clay bands",UNK,Well Completion Report,,1,1,11000023,Renmark Group,Renmark Group,16036
10850150,Booligal Creek 1,,,267,400,,,,,,Devonian sandstone,UNK,Well Completion Report,,1,1,31000123,Undifferentiated Proterozoic to Mesozoic bedrock,,-999999
10083078,GW003241.1.1,93.78,UNK,0,6.1,93.78,87.68,11000014,104011,104010,Clay,UNK,UNK,,0,1,11000014,Shepparton Formation,Shepparton Formation,25474
10083078,GW003241.1.1,93.78,UNK,6.1,20.73,87.68,73.05,11000014,104011,104010,Clay,UNK,UNK,,0,1,11000014,Shepparton Formation,Shepparton Formation,25474
10083078,GW003241.1.1,93.78,UNK,20.73,51.21,73.05,42.57,11000014,104011,104010,Clay,UNK,UNK,,0,1,11000014,Shepparton Formation,Shepparton Formation,25474
10083078,GW003241.1.1,93.78,UNK,51.21,59.74,42.57,34.04,11000015,109007,109007,Shale,UNK,UNK,,0,1,11000015,Calivil Formation,Calivil Formation,3322
10083078,GW003241.1.1,93.78,UNK,59.74,91.74,34.04,2.04,11000015,109007,109007,Sand,UNK,UNK,,0,1,11000015,Calivil Formation,Calivil Formation,3322
10083078,GW003241.1.1,93.78,UNK,91.74,114.6,2.04,-20.82,11000024,115028,115024,Clay,UNK,UNK,,0,1,11000024,Lower Renmark Group,Renmark Group,16036
10083078,GW003241.1.1,93.78,UNK,114.6,118.87,-20.82,-25.09,11000024,115028,115024,(Unknown),UNK,UNK,,0,1,11000024,Lower Renmark Group,Renmark Group,16036
10083078,GW003241.1.1,93.78,UNK,118.87,124.05,-25.09,-30.27,11000024,115028,115024,Sandstone,UNK,UNK,,0,1,11000024,Lower Renmark Group,Renmark Group,16036
10083078,GW003241.1.1,93.78,UNK,124.05,143.87,-30.27,-50.09,11000010,133238,133270,Quartzite,UNK,UNK,,0,1,11000010,Lachlan Fold Belt - Undifferentiated,,-999999
10083078,GW003241.1.1,93.78,UNK,143.87,161.54,-50.09,-67.76,11000010,133238,133270,Slate,UNK,UNK,,0,1,11000010,Lachlan Fold Belt - Undifferentiated,,-999999
10083078,GW003241.1.1,93.78,UNK,161.54,173.74,-67.76,-79.96,11000010,133238,133270,Quartzite,UNK,UNK,,0,1,11000010,Lachlan Fold Belt - Undifferentiated,,-999999
10089961,GW003390.1.1,76.23,UNK,0,6.1,76.23,70.13,11000014,104011,104010,Clay,UNK,UNK,,0,1,11000014,Shepparton Formation,Shepparton Formation,25474
10089961,GW003390.1.1,76.23,UNK,6.1,6.71,70.13,69.52,11000014,104011,104010,Clay,UNK,UNK,,0,1,11000014,Shepparton Formation,Shepparton Formation,25474
10089961,GW003390.1.1,76.23,UNK,6.71,26.52,69.52,49.71,11000014,104011,104010,Clay,UNK,UNK,,0,1,11000014,Shepparton Formation,Shepparton Formation,25474
10089961,GW003390.1.1,76.23,UNK,26.52,33.53,49.71,42.7,11000014,104011,104010,Clay,UNK,UNK,,0,1,11000014,Shepparton Formation,Shepparton Formation,25474
10089961,GW003390.1.1,76.23,UNK,33.53,43.59,42.7,32.64,11000014,104011,104010,Clay,UNK,UNK,,0,1,11000014,Shepparton Formation,Shepparton Formation,25474
10089961,GW003390.1.1,76.23,UNK,43.59,48.77,32.64,27.46,11000014,104011,104010,Clay,UNK,UNK,,0,1,11000014,Shepparton Formation,Shepparton Formation,25474
10089961,GW003390.1.1,76.23,UNK,48.77,51.82,27.46,24.41,11000014,104011,104010,(Unknown),UNK,UNK,,0,1,11000014,Shepparton Formation,Shepparton Formation,25474
10089961,GW003390.1.1,76.23,UNK,51.82,52.73,24.41,23.5,11000024,115028,115024,Sand,UNK,UNK,,0,1,11000024,Lower Renmark Group,Renmark Group,16036
10089961,GW003390.1.1,76.23,UNK,52.73,60.96,23.5,15.27,11000024,115028,115024,Clay,UNK,UNK,,0,1,11000024,Lower Renmark Group,Renmark Group,16036
10089961,GW003390.1.1,76.23,UNK,60.96,72.24,15.27,3.99,11000024,115028,115024,Clay,UNK,UNK,,0,1,11000024,Lower Renmark Group,Renmark Group,16036
10089961,GW003390.1.1,76.23,UNK,72.24,80.47,3.99,-4.24,11000024,115028,115024,Sandstone,UNK,UNK,,0,1,11000024,Lower Renmark Group,Renmark Group,16036
10089961,GW003390.1.1,76.23,UNK,80.47,80.77,-4.24,-4.54,11000024,115028,115024,Clay,UNK,UNK,,0,1,11000024,Lower Renmark Group,Renmark Group,16036
10089961,GW003390.1.1,76.23,UNK,80.77,83.52,-4.54,-7.29,11000024,115028,115024,Sandstone,UNK,UNK,,0,1,11000024,Lower Renmark Group,Renmark Group,16036
10089961,GW003390.1.1,76.23,UNK,83.52,86.26,-7.29,-10.03,11000024,115028,115024,Quartzite,UNK,UNK,,0,1,11000024,Lower Renmark Group,Renmark Group,16036
10089961,GW003390.1.1,76.23,UNK,86.26,86.56,-10.03,-10.33,11000024,115028,115024,Clay,UNK,UNK,,0,1,11000024,Lower Renmark Group,Renmark Group,16036
10089961,GW003390.1.1,76.23,UNK,86.56,87.48,-10.33,-11.25,11000024,115028,115024,Quartzite,UNK,UNK,,0,1,11000024,Lower Renmark Group,Renmark Group,16036
10089961,GW003390.1.1,76.23,UNK,87.48,88.09,-11.25,-11.86,11000024,115028,115024,Clay,UNK,UNK,,0,1,11000024,Lower Renmark Group,Renmark Group,16036
10099093,GW003406.1.1,75.84,UNK,0,4.57,75.84,71.27,11000014,104011,104010,Clay,UNK,UNK,,0,1,11000014,Shepparton Formation,Shepparton Formation,25474
10099093,GW003406.1.1,75.84,UNK,4.57,21.34,71.27,54.5,11000014,104011,104010,Clay,UNK,UNK,,0,1,11000014,Shepparton Formation,Shepparton Formation,25474
10099093,GW003406.1.1,75.84,UNK,21.34,26.82,54.5,49.02,11000014,104011,104010,Sand,UNK,UNK,,0,1,11000014,Shepparton Formation,Shepparton Formation,25474
10099093,GW003406.1.1,75.84,UNK,26.82,27.74,49.02,48.1,11000014,104011,104010,Clay,UNK,UNK,,0,1,11000014,Shepparton Formation,Shepparton Formation,25474
10099093,GW003406.1.1,75.84,UNK,27.74,29.57,48.1,46.27,11000023,110007,110008,Sand,UNK,UNK,,0,1,11000023,Loxton Parilla Sand,Loxton Sand,10825
10099093,GW003406.1.1,75.84,UNK,27.74,29.57,48.1,46.27,11000023,110007,110008,Sand,UNK,UNK,,0,1,11000023,Renmark Group,Renmark Group,16036
10099093,GW003406.1.1,75.84,UNK,29.57,33.22,46.27,42.62,11000023,110007,110008,Sand,UNK,UNK,,0,1,11000023,Loxton Parilla Sand,Loxton Sand,10825
10099093,GW003406.1.1,75.84,UNK,29.57,33.22,46.27,42.62,11000023,110007,110008,Sand,UNK,UNK,,0,1,11000023,Renmark Group,Renmark Group,16036
10099093,GW003406.1.1,75.84,UNK,33.22,36.88,42.62,38.96,11000023,110007,110008,Sand,UNK,UNK,,0,1,11000023,Loxton Parilla Sand,Loxton Sand,10825
10099093,GW003406.1.1,75.84,UNK,33.22,36.88,42.62,38.96,11000023,110007,110008,Sand,UNK,UNK,,0,1,11000023,Renmark Group,Renmark Group,16036
10099093,GW003406.1.1,75.84,UNK,36.88,57.3,38.96,18.54,11000023,110007,110008,Clay,UNK,UNK,,0,1,11000023,Loxton Parilla Sand,Loxton Sand,10825
10099093,GW003406.1.1,75.84,UNK,36.88,57.3,38.96,18.54,11000023,110007,110008,Clay,UNK,UNK,,0,1,11000023,Renmark Group,Renmark Group,16036
10099093,GW003406.1.1,75.84,UNK,57.3,58.52,18.54,17.32,11000024,115028,115024,Sand,UNK,UNK,,0,1,11000024,Lower Renmark Group,Renmark Group,16036
10079539,GW003671.1.1,71.8,UNK,0,9.14,71.8,62.66,11000014,104011,104010,Clay,UNK,UNK,,0,1,11000014,Shepparton Formation,Shepparton Formation,25474
10079539,GW003671.1.1,71.8,UNK,9.14,24.69,62.66,47.11,11000014,104011,104010,Clay,UNK,UNK,,0,1,11000014,Shepparton Formation,Shepparton Formation,25474
10079539,GW003671.1.1,71.8,UNK,24.69,36.88,47.11,34.92,11000023,110007,110008,Sand,UNK,UNK,,0,1,11000023,Loxton Parilla Sand,Loxton Sand,10825
10079539,GW003671.1.1,71.8,UNK,24.69,36.88,47.11,34.92,11000023,110007,110008,Sand,UNK,UNK,,0,1,11000023,Renmark Group,Renmark Group,16036
10079539,GW003671.1.1,71.8,UNK,36.88,39.62,34.92,32.18,11000023,110007,110008,Sand,UNK,UNK,,0,1,11000023,Loxton Parilla Sand,Loxton Sand,10825
10079539,GW003671.1.1,71.8,UNK,36.88,39.62,34.92,32.18,11000023,110007,110008,Sand,UNK,UNK,,0,1,11000023,Renmark Group,Renmark Group,16036
10079539,GW003671.1.1,71.8,UNK,39.62,40.23,32.18,31.57,11000023,110007,110008,Invalid Code,UNK,UNK,,0,1,11000023,Loxton Parilla Sand,Loxton Sand,10825
10079539,GW003671.1.1,71.8,UNK,39.62,40.23,32.18,31.57,11000023,110007,110008,Invalid Code,UNK,UNK,,0,1,11000023,Renmark Group,Renmark Group,16036
10079539,GW003671.1.1,71.8,UNK,40.23,44.2,31.57,27.6,11000023,110007,110008,Sand,UNK,UNK,,0,1,11000023,Loxton Parilla Sand,Loxton Sand,10825
10079539,GW003671.1.1,71.8,UNK,40.23,44.2,31.57,27.6,11000023,110007,110008,Sand,UNK,UNK,,0,1,11000023,Renmark Group,Renmark Group,16036
10079539,GW003671.1.1,71.8,UNK,44.2,48.77,27.6,23.03,11000023,110007,110008,Clay,UNK,UNK,,0,1,11000023,Loxton Parilla Sand,Loxton Sand,10825
10079539,GW003671.1.1,71.8,UNK,44.2,48.77,27.6,23.03,11000023,110007,110008,Clay,UNK,UNK,,0,1,11000023,Renmark Group,Renmark Group,16036
10079539,GW003671.1.1,71.8,UNK,48.77,63.09,23.03,8.71,11000023,110007,110008,Invalid Code,UNK,UNK,,0,1,11000023,Loxton Parilla Sand,Loxton Sand,10825
10079539,GW003671.1.1,71.8,UNK,48.77,63.09,23.03,8.71,11000023,110007,110008,Invalid Code,UNK,UNK,,0,1,11000023,Renmark Group,Renmark Group,16036
10079539,GW003671.1.1,71.8,UNK,63.09,63.4,8.71,8.4,11000023,110007,110008,Ironstone,UNK,UNK,,0,1,11000023,Loxton Parilla Sand,Loxton Sand,10825
10079539,GW003671.1.1,71.8,UNK,63.09,63.4,8.71,8.4,11000023,110007,110008,Ironstone,UNK,UNK,,0,1,11000023,Renmark Group,Renmark Group,16036
10079539,GW003671.1.1,71.8,UNK,63.4,71.63,8.4,0.17,11000023,110007,110008,Invalid Code,UNK,UNK,,0,1,11000023,Loxton Parilla Sand,Loxton Sand,10825
10079539,GW003671.1.1,71.8,UNK,63.4,71.63,8.4,0.17,11000023,110007,110008,Invalid Code,UNK,UNK,,0,1,11000023,Renmark Group,Renmark Group,16036
10079539,GW003671.1.1,71.8,UNK,71.63,75.59,0.17,-3.79,11000024,115028,115024,Shale,UNK,UNK,,0,1,11000024,Lower Renmark Group,Renmark Group,16036
10079539,GW003671.1.1,71.8,UNK,75.59,76.2,-3.79,-4.4,11000024,115028,115024,Ironstone,UNK,UNK,,0,1,11000024,Lower Renmark Group,Renmark Group,16036
10079539,GW003671.1.1,71.8,UNK,76.2,77.72,-4.4,-5.92,11000024,115028,115024,Shale,UNK,UNK,,0,1,11000024,Lower Renmark Group,Renmark Group,16036
10079539,GW003671.1.1,71.8,UNK,77.72,79.55,-5.92,-7.75,11000024,115028,115024,Clay,UNK,UNK,,0,1,11000024,Lower Renmark Group,Renmark Group,16036
10079539,GW003671.1.1,71.8,UNK,79.55,85.65,-7.75,-13.85,11000024,115028,115024,Shale,UNK,UNK,,0,1,11000024,Lower Renmark Group,Renmark Group,16036
10079539,GW003671.1.1,71.8,UNK,85.65,86.56,-13.85,-14.76,11000024,115028,115024,Rock,UNK,UNK,,0,1,11000024,Lower Renmark Group,Renmark Group,16036
10079539,GW003671.1.1,71.8,UNK,86.56,92.05,-14.76,-20.25,11000024,115028,115024,Shale,UNK,UNK,,0,1,11000024,Lower Renmark Group,Renmark Group,16036
10079539,GW003671.1.1,71.8,UNK,92.05,92.66,-20.25,-20.86,11000024,115028,115024,Quartz,UNK,UNK,,0,1,11000024,Lower Renmark Group,Renmark Group,16036
10079539,GW003671.1.1,71.8,UNK,92.66,93.27,-20.86,-21.47,11000024,115028,115024,Sandstone,UNK,UNK,,0,1,11000024,Lower Renmark Group,Renmark Group,16036
10079539,GW003671.1.1,71.8,UNK,93.27,96.93,-21.47,-25.13,11000024,115028,115024,Sandstone,UNK,UNK,,0,1,11000024,Lower Renmark Group,Renmark Group,16036
10047847,GW006403.1.1,73.26,UNK,0,0.61,73.26,72.65,11000014,104011,104010,Soil,UNK,UNK,,0,1,11000014,Shepparton Formation,Shepparton Formation,25474
10047847,GW006403.1.1,73.26,UNK,0.61,2.44,72.65,70.82,11000014,104011,104010,Clay,UNK,UNK,,0,1,11000014,Shepparton Formation,Shepparton Formation,25474
10047847,GW006403.1.1,73.26,UNK,2.44,3.66,70.82,69.6,11000014,104011,104010,Clay,UNK,UNK,,0,1,11000014,Shepparton Formation,Shepparton Formation,25474
10047847,GW006403.1.1,73.26,UNK,3.66,9.14,69.6,64.12,11000014,104011,104010,Sandstone,UNK,UNK,,0,1,11000014,Shepparton Formation,Shepparton Formation,25474
10047847,GW006403.1.1,73.26,UNK,9.14,17.68,64.12,55.58,11000023,110007,110008,Clay,UNK,UNK,,0,1,11000023,Loxton Parilla Sand,Loxton Sand,10825
10047847,GW006403.1.1,73.26,UNK,9.14,17.68,64.12,55.58,11000023,110007,110008,Clay,UNK,UNK,,0,1,11000023,Renmark Group,Renmark Group,16036
10047847,GW006403.1.1,73.26,UNK,9.14,17.68,64.12,55.58,11000014,104011,104010,Shale,UNK,UNK,,0,1,11000014,Shepparton Formation,Shepparton Formation,25474
10047847,GW006403.1.1,73.26,UNK,17.68,20.42,55.58,52.84,11000023,110007,110008,Clay,UNK,UNK,,0,1,11000023,Loxton Parilla Sand,Loxton Sand,10825
10047847,GW006403.1.1,73.26,UNK,17.68,20.42,55.58,52.84,11000023,110007,110008,Clay,UNK,UNK,,0,1,11000023,Renmark Group,Renmark Group,16036
10047847,GW006403.1.1,73.26,UNK,20.42,22.86,52.84,50.4,11000023,110007,110008,Clay,UNK,UNK,,0,1,11000023,Loxton Parilla Sand,Loxton Sand,10825
10047847,GW006403.1.1,73.26,UNK,20.42,22.86,52.84,50.4,11000023,110007,110008,Clay,UNK,UNK,,0,1,11000023,Renmark Group,Renmark Group,16036
10091178,GW006683.1.1,73.21,UNK,0,3.35,73.21,69.86,11000014,104011,104010,Kopi (Copi),UNK,UNK,,0,1,11000014,Shepparton Formation,Shepparton Formation,25474
10091178,GW006683.1.1,73.21,UNK,0,3.35,73.21,69.86,11000014,104011,104010,Sand,UNK,UNK,,0,1,11000014,Shepparton Formation,Shepparton Formation,25474
10091178,GW006683.1.1,73.21,UNK,3.35,5.79,69.86,67.42,11000023,110007,110008,Sandstone,UNK,UNK,,0,1,11000023,Loxton Parilla Sand,Loxton Sand,10825
10091178,GW006683.1.1,73.21,UNK,3.35,5.79,69.86,67.42,11000023,110007,110008,Sandstone,UNK,UNK,,0,1,11000023,Renmark Group,Renmark Group,16036
10091178,GW006683.1.1,73.21,UNK,5.79,6.4,67.42,66.81,11000023,110007,110008,Sandstone,UNK,UNK,,0,1,11000023,Loxton Parilla Sand,Loxton Sand,10825
10091178,GW006683.1.1,73.21,UNK,5.79,6.4,67.42,66.81,11000023,110007,110008,Sandstone,UNK,UNK,,0,1,11000023,Renmark Group,Renmark Group,16036
10091178,GW006683.1.1,73.21,UNK,6.4,8.84,66.81,64.37,11000023,110007,110008,Clay,UNK,UNK,,0,1,11000023,Loxton Parilla Sand,Loxton Sand,10825
10091178,GW006683.1.1,73.21,UNK,6.4,8.84,66.81,64.37,11000023,110007,110008,Clay,UNK,UNK,,0,1,11000023,Renmark Group,Renmark Group,16036
10091178,GW006683.1.1,73.21,UNK,8.84,9.75,64.37,63.46,11000023,110007,110008,Clay,UNK,UNK,,0,1,11000023,Loxton Parilla Sand,Loxton Sand,10825
10091178,GW006683.1.1,73.21,UNK,8.84,9.75,64.37,63.46,11000023,110007,110008,Clay,UNK,UNK,,0,1,11000023,Renmark Group,Renmark Group,16036
10091178,GW006683.1.1,73.21,UNK,9.75,11.89,63.46,61.32,11000023,110007,110008,Clay,UNK,UNK,,0,1,11000023,Loxton Parilla Sand,Loxton Sand,10825
10091178,GW006683.1.1,73.21,UNK,9.75,11.89,63.46,61.32,11000023,110007,110008,Clay,UNK,UNK,,0,1,11000023,Renmark Group,Renmark Group,16036
10091178,GW006683.1.1,73.21,UNK,11.89,14.63,61.32,58.58,11000023,110007,110008,Clay,UNK,UNK,,0,1,11000023,Loxton Parilla Sand,Loxton Sand,10825
10091178,GW006683.1.1,73.21,UNK,11.89,14.63,61.32,58.58,11000023,110007,110008,Clay,UNK,UNK,,0,1,11000023,Renmark Group,Renmark Group,16036
10091178,GW006683.1.1,73.21,UNK,14.63,16.46,58.58,56.75,11000023,110007,110008,Clay,UNK,UNK,,0,1,11000023,Loxton Parilla Sand,Loxton Sand,10825
10091178,GW006683.1.1,73.21,UNK,14.63,16.46,58.58,56.75,11000023,110007,110008,Clay,UNK,UNK,,0,1,11000023,Renmark Group,Renmark Group,16036
10091178,GW006683.1.1,73.21,UNK,16.46,19.51,56.75,53.7,11000023,110007,110008,Sandstone,UNK,UNK,,0,1,11000023,Loxton Parilla Sand,Loxton Sand,10825
10091178,GW006683.1.1,73.21,UNK,16.46,19.51,56.75,53.7,11000023,110007,110008,Sandstone,UNK,UNK,,0,1,11000023,Renmark Group,Renmark Group,16036
10091178,GW006683.1.1,73.21,UNK,19.51,22.25,53.7,50.96,11000023,110007,110008,Clay,UNK,UNK,,0,1,11000023,Loxton Parilla Sand,Loxton Sand,10825
10091178,GW006683.1.1,73.21,UNK,19.51,22.25,53.7,50.96,11000023,110007,110008,Clay,UNK,UNK,,0,1,11000023,Renmark Group,Renmark Group,16036
10091178,GW006683.1.1,73.21,UNK,22.25,23.47,50.96,49.74,11000023,110007,110008,Clay,UNK,UNK,,0,1,11000023,Loxton Parilla Sand,Loxton Sand,10825
10091178,GW006683.1.1,73.21,UNK,22.25,23.47,50.96,49.74,11000023,110007,110008,Clay,UNK,UNK,,0,1,11000023,Renmark Group,Renmark Group,16036
10091178,GW006683.1.1,73.21,UNK,23.47,34.75,49.74,38.46,11000023,110007,110008,Clay,UNK,UNK,,0,1,11000023,Loxton Parilla Sand,Loxton Sand,10825
10091178,GW006683.1.1,73.21,UNK,23.47,34.75,49.74,38.46,11000023,110007,110008,Clay,UNK,UNK,,0,1,11000023,Renmark Group,Renmark Group,16036
10091178,GW006683.1.1,73.21,UNK,34.75,35.07,38.46,38.14,11000023,110007,110008,Sandstone,UNK,UNK,,0,1,11000023,Loxton Parilla Sand,Loxton Sand,10825
10091178,GW006683.1.1,73.21,UNK,34.75,35.07,38.46,38.14,11000023,110007,110008,Sandstone,UNK,UNK,,0,1,11000023,Renmark Group,Renmark Group,16036
10053670,GW007720.1.1,105.72,UNK,0,0.61,105.72,105.11,11000005,100128,100018,Soil,UNK,UNK,,0,1,11000005,Stuarts Point - Upper Quaternary Sands,,-999999
10053670,GW007720.1.1,105.72,UNK,0.61,6.71,105.11,99.01,11000005,100128,100018,Claystone,UNK,UNK,,0,1,11000005,Stuarts Point - Upper Quaternary Sands,,-999999
10053670,GW007720.1.1,105.72,UNK,6.71,8.53,99.01,97.19,11000023,110007,110008,Clay,UNK,UNK,,0,1,11000023,Loxton Parilla Sand,Loxton Sand,10825
10053670,GW007720.1.1,105.72,UNK,6.71,8.53,99.01,97.19,11000023,110007,110008,Clay,UNK,UNK,,0,1,11000023,Renmark Group,Renmark Group,16036
10053670,GW007720.1.1,105.72,UNK,8.53,10.97,97.19,94.75,11000023,110007,110008,Clay,UNK,UNK,,0,1,11000023,Loxton Parilla Sand,Loxton Sand,10825
10053670,GW007720.1.1,105.72,UNK,8.53,10.97,97.19,94.75,11000023,110007,110008,Clay,UNK,UNK,,0,1,11000023,Renmark Group,Renmark Group,16036
10053670,GW007720.1.1,105.72,UNK,10.97,14.02,94.75,91.7,11000023,110007,110008,Clay,UNK,UNK,,0,1,11000023,Loxton Parilla Sand,Loxton Sand,10825
10053670,GW007720.1.1,105.72,UNK,10.97,14.02,94.75,91.7,11000023,110007,110008,Clay,UNK,UNK,,0,1,11000023,Renmark Group,Renmark Group,16036
10053670,GW007720.1.1,105.72,UNK,14.02,16.46,91.7,89.26,11000023,110007,110008,Clay,UNK,UNK,,0,1,11000023,Loxton Parilla Sand,Loxton Sand,10825
10053670,GW007720.1.1,105.72,UNK,14.02,16.46,91.7,89.26,11000023,110007,110008,Clay,UNK,UNK,,0,1,11000023,Renmark Group,Renmark Group,16036
10053670,GW007720.1.1,105.72,UNK,16.46,18.29,89.26,87.43,11000010,133238,133270,Boulders,UNK,UNK,,0,1,11000010,Lachlan Fold Belt - Undifferentiated,,-999999
10053670,GW007720.1.1,105.72,UNK,18.29,22.86,87.43,82.86,11000010,133238,133270,Sandstone,UNK,UNK,,0,1,11000010,Lachlan Fold Belt - Undifferentiated,,-999999
10053670,GW007720.1.1,105.72,UNK,22.86,24.38,82.86,81.34,11000010,133238,133270,Sandstone,UNK,UNK,,0,1,11000010,Lachlan Fold Belt - Undifferentiated,,-999999
10053670,GW007720.1.1,105.72,UNK,24.38,25.6,81.34,80.12,11000010,133238,133270,Boulders,UNK,UNK,,0,1,11000010,Lachlan Fold Belt - Undifferentiated,,-999999
10053670,GW007720.1.1,105.72,UNK,25.6,35.05,80.12,70.67,11000010,133238,133270,Sandstone,UNK,UNK,,0,1,11000010,Lachlan Fold Belt - Undifferentiated,,-999999
10045793,GW007807.1.1,110.29,UNK,0,0.61,110.29,109.68,11000005,100128,100018,Soil,UNK,UNK,,0,1,11000005,Stuarts Point - Upper Quaternary Sands,,-999999
10045793,GW007807.1.1,110.29,UNK,0.61,18.29,109.68,92,11000005,100128,100018,Clay,UNK,UNK,,0,1,11000005,Stuarts Point - Upper Quaternary Sands,,-999999
10045793,GW007807.1.1,110.29,UNK,18.29,21.34,92,88.95,11000023,110007,110008,Sandstone,UNK,UNK,,0,1,11000023,Loxton Parilla Sand,Loxton Sand,10825
10045793,GW007807.1.1,110.29,UNK,18.29,21.34,92,88.95,11000023,110007,110008,Sandstone,UNK,UNK,,0,1,11000023,Renmark Group,Renmark Group,16036
10045793,GW007807.1.1,110.29,UNK,21.34,24.38,88.95,85.91,11000023,110007,110008,Clay,UNK,UNK,,0,1,11000023,Loxton Parilla Sand,Loxton Sand,10825
10045793,GW007807.1.1,110.29,UNK,21.34,24.38,88.95,85.91,11000023,110007,110008,Clay,UNK,UNK,,0,1,11000023,Renmark Group,Renmark Group,16036
10045793,GW007807.1.1,110.29,UNK,24.38,25.91,85.91,84.38,11000023,110007,110008,Sandstone,UNK,UNK,,0,1,11000023,Loxton Parilla Sand,Loxton Sand,10825
10045793,GW007807.1.1,110.29,UNK,24.38,25.91,85.91,84.38,11000023,110007,110008,Sandstone,UNK,UNK,,0,1,11000023,Renmark Group,Renmark Group,16036
10045793,GW007807.1.1,110.29,UNK,25.91,29.87,84.38,80.42,11000023,110007,110008,Clay,UNK,UNK,,0,1,11000023,Loxton Parilla Sand,Loxton Sand,10825
10045793,GW007807.1.1,110.29,UNK,25.91,29.87,84.38,80.42,11000023,110007,110008,Clay,UNK,UNK,,0,1,11000023,Renmark Group,Renmark Group,16036
10045793,GW007807.1.1,110.29,UNK,29.87,32.31,80.42,77.98,11000023,110007,110008,Clay,UNK,UNK,,0,1,11000023,Loxton Parilla Sand,Loxton Sand,10825
10045793,GW007807.1.1,110.29,UNK,29.87,32.31,80.42,77.98,11000023,110007,110008,Clay,UNK,UNK,,0,1,11000023,Renmark Group,Renmark Group,16036
10045793,GW007807.1.1,110.29,UNK,32.31,33.53,77.98,76.76,11000023,110007,110008,Clay,UNK,UNK,,0,1,11000023,Loxton Parilla Sand,Loxton Sand,10825
10045793,GW007807.1.1,110.29,UNK,32.31,33.53,77.98,76.76,11000023,110007,110008,Clay,UNK,UNK,,0,1,11000023,Renmark Group,Renmark Group,16036
10045793,GW007807.1.1,110.29,UNK,33.53,35.05,76.76,75.24,11000023,110007,110008,Clay,UNK,UNK,,0,1,11000023,Loxton Parilla Sand,Loxton Sand,10825
10045793,GW007807.1.1,110.29,UNK,33.53,35.05,76.76,75.24,11000023,110007,110008,Clay,UNK,UNK,,0,1,11000023,Renmark Group,Renmark Group,16036
10045793,GW007807.1.1,110.29,UNK,35.05,39.62,75.24,70.67,11000023,110007,110008,Clay,UNK,UNK,,0,1,11000023,Loxton Parilla Sand,Loxton Sand,10825
10045793,GW007807.1.1,110.29,UNK,35.05,39.62,75.24,70.67,11000023,110007,110008,Clay,UNK,UNK,,0,1,11000023,Renmark Group,Renmark Group,16036
10045793,GW007807.1.1,110.29,UNK,39.62,40.84,70.67,69.45,11000023,110007,110008,Clay,UNK,UNK,,0,1,11000023,Loxton Parilla Sand,Loxton Sand,10825
10045793,GW007807.1.1,110.29,UNK,39.62,40.84,70.67,69.45,11000023,110007,110008,Clay,UNK,UNK,,0,1,11000023,Renmark Group,Renmark Group,16036
10045793,GW007807.1.1,110.29,UNK,40.84,45.72,69.45,64.57,11000023,110007,110008,Clay,UNK,UNK,,0,1,11000023,Loxton Parilla Sand,Loxton Sand,10825
10045793,GW007807.1.1,110.29,UNK,40.84,45.72,69.45,64.57,11000023,110007,110008,Clay,UNK,UNK,,0,1,11000023,Renmark Group,Renmark Group,16036
10045793,GW007807.1.1,110.29,UNK,45.72,61.57,64.57,48.72,11000010,133238,133270,Sandstone,UNK,UNK,,0,1,11000010,Lachlan Fold Belt - Undifferentiated,,-999999
10045793,GW007807.1.1,110.29,UNK,61.57,67.97,48.72,42.32,11000010,133238,133270,Clay,UNK,UNK,,0,1,11000010,Lachlan Fold Belt - Undifferentiated,,-999999
10045793,GW007807.1.1,110.29,UNK,67.97,70.71,42.32,39.58,11000010,133238,133270,Sandstone,UNK,UNK,,0,1,11000010,Lachlan Fold Belt - Undifferentiated,,-999999
10045793,GW007807.1.1,110.29,UNK,70.71,79.25,39.58,31.04,11000010,133238,133270,Sandstone,UNK,UNK,,0,1,11000010,Lachlan Fold Belt - Undifferentiated,,-999999
10045793,GW007807.1.1,110.29,UNK,79.25,80.77,31.04,29.52,11000010,133238,133270,Sandstone,UNK,UNK,,0,1,11000010,Lachlan Fold Belt - Undifferentiated,,-999999
10045793,GW007807.1.1,110.29,UNK,80.77,85.04,29.52,25.25,11000010,133238,133270,Sandstone,UNK,UNK,,0,1,11000010,Lachlan Fold Belt - Undifferentiated,,-999999
10045793,GW007807.1.1,110.29,UNK,85.04,85.34,25.25,24.95,11000010,133238,133270,Sandstone,UNK,UNK,,0,1,11000010,Lachlan Fold Belt - Undifferentiated,,-999999
10049581,GW008852.1.1,74.54,UNK,0,11.28,74.54,63.26,11000014,104011,104010,Clay,UNK,UNK,,0,1,11000014,Shepparton Formation,Shepparton Formation,25474
10049581,GW008852.1.1,74.54,UNK,11.28,15.24,63.26,59.3,11000023,110007,110008,Sandstone,UNK,UNK,,0,1,11000023,Loxton Parilla Sand,Loxton Sand,10825
10049581,GW008852.1.1,74.54,UNK,11.28,15.24,63.26,59.3,11000023,110007,110008,Sandstone,UNK,UNK,,0,1,11000023,Renmark Group,Renmark Group,16036
10049581,GW008852.1.1,74.54,UNK,15.24,35.97,59.3,38.57,11000023,110007,110008,Invalid Code,UNK,UNK,,0,1,11000023,Loxton Parilla Sand,Loxton Sand,10825
10049581,GW008852.1.1,74.54,UNK,15.24,35.97,59.3,38.57,11000023,110007,110008,Invalid Code,UNK,UNK,,0,1,11000023,Renmark Group,Renmark Group,16036
10027658,GW010165.1.1,95.24,UNK,0,15.24,95.24,80,11000014,104011,104010,Clay,UNK,UNK,,0,1,11000014,Shepparton Formation,Shepparton Formation,25474
10027658,GW010165.1.1,95.24,UNK,15.24,18.29,80,76.95,11000014,104011,104010,Rock,UNK,UNK,,0,1,11000014,Shepparton Formation,Shepparton Formation,25474
10027658,GW010165.1.1,95.24,UNK,18.29,27.43,76.95,67.81,11000014,104011,104010,Clay,UNK,UNK,,0,1,11000014,Shepparton Formation,Shepparton Formation,25474
10027658,GW010165.1.1,95.24,UNK,27.43,60.35,67.81,34.89,11000023,110007,110008,Sandstone,UNK,UNK,,0,1,11000023,Loxton Parilla Sand,Loxton Sand,10825
10027658,GW010165.1.1,95.24,UNK,27.43,60.35,67.81,34.89,11000023,110007,110008,Sandstone,UNK,UNK,,0,1,11000023,Renmark Group,Renmark Group,16036
10027658,GW010165.1.1,95.24,UNK,60.35,60.96,34.89,34.28,11000024,115028,115024,Gravel,UNK,UNK,,0,1,11000024,Lower Renmark Group,Renmark Group,16036
10021940,GW010436.1.1,79.32,UNK,0,6.1,79.32,73.22,11000014,104011,104010,Clay,UNK,UNK,,0,1,11000014,Shepparton Formation,Shepparton Formation,25474
10021940,GW010436.1.1,79.32,UNK,6.1,9.14,73.22,70.18,11000014,104011,104010,Clay,UNK,UNK,,0,1,11000014,Shepparton Formation,Shepparton Formation,25474
10021940,GW010436.1.1,79.32,UNK,9.14,12.19,70.18,67.13,11000014,104011,104010,Clay,UNK,UNK,,0,1,11000014,Shepparton Formation,Shepparton Formation,25474
10021940,GW010436.1.1,79.32,UNK,12.19,19.81,67.13,59.51,11000014,104011,104010,Clay,UNK,UNK,,0,1,11000014,Shepparton Formation,Shepparton Formation,25474
10021940,GW010436.1.1,79.32,UNK,19.81,21.34,59.51,57.98,11000014,104011,104010,(Unknown),UNK,UNK,,0,1,11000014,Shepparton Formation,Shepparton Formation,25474
10021940,GW010436.1.1,79.32,UNK,21.34,25.91,57.98,53.41,11000014,104011,104010,Clay,UNK,UNK,,0,1,11000014,Shepparton Formation,Shepparton Formation,25474
10021940,GW010436.1.1,79.32,UNK,25.91,29.26,53.41,50.06,11000023,110007,110008,Sand,UNK,UNK,,0,1,11000023,Loxton Parilla Sand,Loxton Sand,10825
10021940,GW010436.1.1,79.32,UNK,25.91,29.26,53.41,50.06,11000023,110007,110008,Sand,UNK,UNK,,0,1,11000023,Renmark Group,Renmark Group,16036
10021940,GW010436.1.1,79.32,UNK,29.26,33.53,50.06,45.79,11000023,110007,110008,Sand,UNK,UNK,,0,1,11000023,Loxton Parilla Sand,Loxton Sand,10825
10021940,GW010436.1.1,79.32,UNK,29.26,33.53,50.06,45.79,11000023,110007,110008,Sand,UNK,UNK,,0,1,11000023,Renmark Group,Renmark Group,16036
10021940,GW010436.1.1,79.32,UNK,33.53,38.1,45.79,41.22,11000023,110007,110008,Sand,UNK,UNK,,0,1,11000023,Loxton Parilla Sand,Loxton Sand,10825
10021940,GW010436.1.1,79.32,UNK,33.53,38.1,45.79,41.22,11000023,110007,110008,Sand,UNK,UNK,,0,1,11000023,Renmark Group,Renmark Group,16036
10021940,GW010436.1.1,79.32,UNK,38.1,52.12,41.22,27.2,11000023,110007,110008,Clay,UNK,UNK,,0,1,11000023,Loxton Parilla Sand,Loxton Sand,10825
10021940,GW010436.1.1,79.32,UNK,38.1,52.12,41.22,27.2,11000023,110007,110008,Clay,UNK,UNK,,0,1,11000023,Renmark Group,Renmark Group,16036
10089672,GW010447.1.1,76.06,UNK,0,7.62,76.06,68.44,11000014,104011,104010,Clay,UNK,UNK,,0,1,11000014,Shepparton Formation,Shepparton Formation,25474
10089672,GW010447.1.1,76.06,UNK,7.62,36.58,68.44,39.48,11000023,110007,110008,Sand,UNK,UNK,,0,1,11000023,Loxton Parilla Sand,Loxton Sand,10825
10089672,GW010447.1.1,76.06,UNK,7.62,36.58,68.44,39.48,11000023,110007,110008,Sand,UNK,UNK,,0,1,11000023,Renmark Group,Renmark Group,16036
10089672,GW010447.1.1,76.06,UNK,36.58,38.71,39.48,37.35,11000023,110007,110008,Clay,UNK,UNK,,0,1,11000023,Loxton Parilla Sand,Loxton Sand,10825
10089672,GW010447.1.1,76.06,UNK,36.58,38.71,39.48,37.35,11000023,110007,110008,Clay,UNK,UNK,,0,1,11000023,Renmark Group,Renmark Group,16036
10089672,GW010447.1.1,76.06,UNK,38.71,42.06,37.35,34,11000023,110007,110008,Sand,UNK,UNK,,0,1,11000023,Loxton Parilla Sand,Loxton Sand,10825
10089672,GW010447.1.1,76.06,UNK,38.71,42.06,37.35,34,11000023,110007,110008,Sand,UNK,UNK,,0,1,11000023,Renmark Group,Renmark Group,16036
10094051,GW010992.1.1,94.25,UNK,0,24.38,94.25,69.87,11000010,133238,133270,Sandstone,UNK,UNK,,0,1,11000010,Lachlan Fold Belt - Undifferentiated,,-999999
10094051,GW010992.1.1,94.25,UNK,24.38,32.92,69.87,61.33,11000010,133238,133270,Clay,UNK,UNK,,0,1,11000010,Lachlan Fold Belt - Undifferentiated,,-999999
10094051,GW010992.1.1,94.25,UNK,32.92,36.58,61.33,57.67,11000010,133238,133270,Sandstone,UNK,UNK,,0,1,11000010,Lachlan Fold Belt - Undifferentiated,,-999999
10104309,GW011333.1.1,70.78,UNK,0,8.84,70.78,61.94,11000014,104011,104010,Clay,UNK,UNK,,0,1,11000014,Shepparton Formation,Shepparton Formation,25474
10104309,GW011333.1.1,70.78,UNK,8.84,12.19,61.94,58.59,11000014,104011,104010,Sand,UNK,UNK,,0,1,11000014,Shepparton Formation,Shepparton Formation,25474
10104309,GW011333.1.1,70.78,UNK,12.19,12.8,58.59,57.98,11000014,104011,104010,Clay,UNK,UNK,,0,1,11000014,Shepparton Formation,Shepparton Formation,25474
10104309,GW011333.1.1,70.78,UNK,12.8,13.41,57.98,57.37,11000014,104011,104010,Clay,UNK,UNK,,0,1,11000014,Shepparton Formation,Shepparton Formation,25474
10104309,GW011333.1.1,70.78,UNK,13.41,14.33,57.37,56.45,11000014,104011,104010,Clay,UNK,UNK,,0,1,11000014,Shepparton Formation,Shepparton Formation,25474
10104309,GW011333.1.1,70.78,UNK,14.33,28.04,56.45,42.74,11000014,104011,104010,Clay,UNK,UNK,,0,1,11000014,Shepparton Formation,Shepparton Formation,25474
10104309,GW011333.1.1,70.78,UNK,28.04,29.57,42.74,41.21,11000016,105002,105002,Clay,UNK,UNK,,0,1,11000016,Blanchetown Clay,Blanchetown Clay,1918
10104309,GW011333.1.1,70.78,UNK,29.57,45.72,41.21,25.06,11000016,105002,105002,Clay,UNK,UNK,,0,1,11000016,Blanchetown Clay,Blanchetown Clay,1918
10104309,GW011333.1.1,70.78,UNK,45.72,56.39,25.06,14.39,11000023,110007,110008,Sand,UNK,UNK,,0,1,11000023,Loxton Parilla Sand,Loxton Sand,10825
10104309,GW011333.1.1,70.78,UNK,45.72,56.39,25.06,14.39,11000023,110007,110008,Sand,UNK,UNK,,0,1,11000023,Renmark Group,Renmark Group,16036
10049589,GW015936.1.1,88.8,UNK,0,0.61,88.8,88.19,11000014,104011,104010,Soil,UNK,UNK,,0,1,11000014,Shepparton Formation,Shepparton Formation,25474
10049589,GW015936.1.1,88.8,UNK,0.61,4.57,88.19,84.23,11000014,104011,104010,Clay,UNK,UNK,,0,1,11000014,Shepparton Formation,Shepparton Formation,25474
10049589,GW015936.1.1,88.8,UNK,4.57,8.23,84.23,80.57,11000014,104011,104010,Sand,UNK,UNK,,0,1,11000014,Shepparton Formation,Shepparton Formation,25474
10049589,GW015936.1.1,88.8,UNK,8.23,17.07,80.57,71.73,11000014,104011,104010,Sand,UNK,UNK,,0,1,11000014,Shepparton Formation,Shepparton Formation,25474
10049589,GW015936.1.1,88.8,UNK,17.07,27.74,71.73,61.06,11000016,105002,105002,Clay,UNK,UNK,,0,1,11000016,Blanchetown Clay,Blanchetown Clay,1918
10049589,GW015936.1.1,88.8,UNK,27.74,31.39,61.06,57.41,11000023,110007,110008,Clay,UNK,UNK,,0,1,11000023,Loxton Parilla Sand,Loxton Sand,10825
10049589,GW015936.1.1,88.8,UNK,27.74,31.39,61.06,57.41,11000023,110007,110008,Clay,UNK,UNK,,0,1,11000023,Renmark Group,Renmark Group,16036
10049589,GW015936.1.1,88.8,UNK,31.39,34.75,57.41,54.05,11000023,110007,110008,Sand,UNK,UNK,,0,1,11000023,Loxton Parilla Sand,Loxton Sand,10825
10049589,GW015936.1.1,88.8,UNK,31.39,34.75,57.41,54.05,11000023,110007,110008,Sand,UNK,UNK,,0,1,11000023,Renmark Group,Renmark Group,16036
10049589,GW015936.1.1,88.8,UNK,34.75,35.05,54.05,53.75,11000023,110007,110008,Clay,UNK,UNK,,0,1,11000023,Loxton Parilla Sand,Loxton Sand,10825
10049589,GW015936.1.1,88.8,UNK,34.75,35.05,54.05,53.75,11000023,110007,110008,Clay,UNK,UNK,,0,1,11000023,Renmark Group,Renmark Group,16036
10049589,GW015936.1.1,88.8,UNK,35.05,39.01,53.75,49.79,11000023,110007,110008,Sand,UNK,UNK,,0,1,11000023,Loxton Parilla Sand,Loxton Sand,10825
10049589,GW015936.1.1,88.8,UNK,35.05,39.01,53.75,49.79,11000023,110007,110008,Sand,UNK,UNK,,0,1,11000023,Renmark Group,Renmark Group,16036
10049589,GW015936.1.1,88.8,UNK,39.01,39.32,49.79,49.48,11000023,110007,110008,Clay,UNK,UNK,,0,1,11000023,Loxton Parilla Sand,Loxton Sand,10825
10049589,GW015936.1.1,88.8,UNK,39.01,39.32,49.79,49.48,11000023,110007,110008,Clay,UNK,UNK,,0,1,11000023,Renmark Group,Renmark Group,16036
10049589,GW015936.1.1,88.8,UNK,39.32,42.37,49.48,46.43,11000023,110007,110008,Sand,UNK,UNK,,0,1,11000023,Loxton Parilla Sand,Loxton Sand,10825
10049589,GW015936.1.1,88.8,UNK,39.32,42.37,49.48,46.43,11000023,110007,110008,Sand,UNK,UNK,,0,1,11000023,Renmark Group,Renmark Group,16036
10049589,GW015936.1.1,88.8,UNK,42.37,42.98,46.43,45.82,11000023,110007,110008,Clay,UNK,UNK,,0,1,11000023,Loxton Parilla Sand,Loxton Sand,10825
10049589,GW015936.1.1,88.8,UNK,42.37,42.98,46.43,45.82,11000023,110007,110008,Clay,UNK,UNK,,0,1,11000023,Renmark Group,Renmark Group,16036
10027847,GW017456.1.1,72.31,UNK,0,6.4,72.31,65.91,11000018,100131,100003,Clay,UNK,UNK,,0,1,11000018,"Quaternary alluvial, lacustrine and colluvial sediments",,-999999
10027847,GW017456.1.1,72.31,UNK,6.4,7.62,65.91,64.69,11000018,100131,100003,Sand,UNK,UNK,,0,1,11000018,"Quaternary alluvial, lacustrine and colluvial sediments",,-999999
10027847,GW017456.1.1,72.31,UNK,7.62,21.34,64.69,50.97,11000018,100131,100003,Clay,UNK,UNK,,0,1,11000018,"Quaternary alluvial, lacustrine and colluvial sediments",,-999999
10027847,GW017456.1.1,72.31,UNK,21.34,25.91,50.97,46.4,11000016,105002,105002,Clay,UNK,UNK,,0,1,11000016,Blanchetown Clay,Blanchetown Clay,1918
10027847,GW017456.1.1,72.31,UNK,25.91,27.43,46.4,44.88,11000016,105002,105002,Clay,UNK,UNK,,0,1,11000016,Blanchetown Clay,Blanchetown Clay,1918
10027847,GW017456.1.1,72.31,UNK,27.43,32.92,44.88,39.39,11000023,110007,110008,Clay,UNK,UNK,,0,1,11000023,Loxton Parilla Sand,Loxton Sand,10825
10027847,GW017456.1.1,72.31,UNK,27.43,32.92,44.88,39.39,11000023,110007,110008,Clay,UNK,UNK,,0,1,11000023,Renmark Group,Renmark Group,16036
10027847,GW017456.1.1,72.31,UNK,32.92,35.05,39.39,37.26,11000023,110007,110008,Clay,UNK,UNK,,0,1,11000023,Loxton Parilla Sand,Loxton Sand,10825
10027847,GW017456.1.1,72.31,UNK,32.92,35.05,39.39,37.26,11000023,110007,110008,Clay,UNK,UNK,,0,1,11000023,Renmark Group,Renmark Group,16036
10027847,GW017456.1.1,72.31,UNK,35.05,43.28,37.26,29.03,11000023,110007,110008,Sandstone,UNK,UNK,,0,1,11000023,Loxton Parilla Sand,Loxton Sand,10825
10027847,GW017456.1.1,72.31,UNK,35.05,43.28,37.26,29.03,11000023,110007,110008,Sandstone,UNK,UNK,,0,1,11000023,Renmark Group,Renmark Group,16036
10114967,GW017726.1.1,74.94,UNK,0,0.61,74.94,74.33,11000014,104011,104010,Soil,UNK,UNK,,0,1,11000014,Shepparton Formation,Shepparton Formation,25474
10114967,GW017726.1.1,74.94,UNK,0.61,4.57,74.33,70.37,11000014,104011,104010,Clay,UNK,UNK,,0,1,11000014,Shepparton Formation,Shepparton Formation,25474
10114967,GW017726.1.1,74.94,UNK,4.57,6.1,70.37,68.84,11000014,104011,104010,Sand,UNK,UNK,,0,1,11000014,Shepparton Formation,Shepparton Formation,25474
10114967,GW017726.1.1,74.94,UNK,6.1,10.97,68.84,63.97,11000014,104011,104010,Clay,UNK,UNK,,0,1,11000014,Shepparton Formation,Shepparton Formation,25474
10114967,GW017726.1.1,74.94,UNK,10.97,12.8,63.97,62.14,11000014,104011,104010,Sand,UNK,UNK,,0,1,11000014,Shepparton Formation,Shepparton Formation,25474
10114967,GW017726.1.1,74.94,UNK,12.8,16.15,62.14,58.79,11000016,105002,105002,Clay,UNK,UNK,,0,1,11000016,Blanchetown Clay,Blanchetown Clay,1918
10114967,GW017726.1.1,74.94,UNK,16.15,30.78,58.79,44.16,11000016,105002,105002,Clay,UNK,UNK,,0,1,11000016,Blanchetown Clay,Blanchetown Clay,1918
10114967,GW017726.1.1,74.94,UNK,30.78,32.92,44.16,42.02,11000016,105002,105002,Clay,UNK,UNK,,0,1,11000016,Blanchetown Clay,Blanchetown Clay,1918
10114967,GW017726.1.1,74.94,UNK,32.92,35.36,42.02,39.58,11000023,110007,110008,Clay,UNK,UNK,,0,1,11000023,Loxton Parilla Sand,Loxton Sand,10825
10114967,GW017726.1.1,74.94,UNK,32.92,35.36,42.02,39.58,11000023,110007,110008,Clay,UNK,UNK,,0,1,11000023,Renmark Group,Renmark Group,16036
10114967,GW017726.1.1,74.94,UNK,35.36,36.58,39.58,38.36,11000023,110007,110008,Clay,UNK,UNK,,0,1,11000023,Loxton Parilla Sand,Loxton Sand,10825
10114967,GW017726.1.1,74.94,UNK,35.36,36.58,39.58,38.36,11000023,110007,110008,Clay,UNK,UNK,,0,1,11000023,Renmark Group,Renmark Group,16036
10007497,GW018354.1.1,83.08,UNK,0,0.61,83.08,82.47,11000014,104011,104010,(Unknown),UNK,UNK,,0,1,11000014,Shepparton Formation,Shepparton Formation,25474
10007497,GW018354.1.1,83.08,UNK,0.61,2.13,82.47,80.95,11000014,104011,104010,Clay,UNK,UNK,,0,1,11000014,Shepparton Formation,Shepparton Formation,25474
10007497,GW018354.1.1,83.08,UNK,2.13,3.66,80.95,79.42,11000014,104011,104010,Gravel,UNK,UNK,,0,1,11000014,Shepparton Formation,Shepparton Formation,25474
10007497,GW018354.1.1,83.08,UNK,3.66,9.75,79.42,73.33,11000014,104011,104010,Clay,UNK,UNK,,0,1,11000014,Shepparton Formation,Shepparton Formation,25474
10007497,GW018354.1.1,83.08,UNK,9.75,16.76,73.33,66.32,11000016,105002,105002,Clay,UNK,UNK,,0,1,11000016,Blanchetown Clay,Blanchetown Clay,1918
10007497,GW018354.1.1,83.08,UNK,16.76,22.56,66.32,60.52,11000016,105002,105002,Clay,UNK,UNK,,0,1,11000016,Blanchetown Clay,Blanchetown Clay,1918
10007497,GW018354.1.1,83.08,UNK,22.56,26.52,60.52,56.56,11000023,110007,110008,Clay,UNK,UNK,,0,1,11000023,Loxton Parilla Sand,Loxton Sand,10825
10007497,GW018354.1.1,83.08,UNK,22.56,26.52,60.52,56.56,11000023,110007,110008,Clay,UNK,UNK,,0,1,11000023,Renmark Group,Renmark Group,16036
10007497,GW018354.1.1,83.08,UNK,26.52,32.61,56.56,50.47,11000023,110007,110008,Sand,UNK,UNK,,0,1,11000023,Loxton Parilla Sand,Loxton Sand,10825
10007497,GW018354.1.1,83.08,UNK,26.52,32.61,56.56,50.47,11000023,110007,110008,Sand,UNK,UNK,,0,1,11000023,Renmark Group,Renmark Group,16036
10007497,GW018354.1.1,83.08,UNK,32.61,36.58,50.47,46.5,11000023,110007,110008,Clay,UNK,UNK,,0,1,11000023,Loxton Parilla Sand,Loxton Sand,10825
10007497,GW018354.1.1,83.08,UNK,32.61,36.58,50.47,46.5,11000023,110007,110008,Clay,UNK,UNK,,0,1,11000023,Renmark Group,Renmark Group,16036
10007497,GW018354.1.1,83.08,UNK,36.58,38.4,46.5,44.68,11000023,110007,110008,Clay,UNK,UNK,,0,1,11000023,Loxton Parilla Sand,Loxton Sand,10825
10007497,GW018354.1.1,83.08,UNK,36.58,38.4,46.5,44.68,11000023,110007,110008,Clay,UNK,UNK,,0,1,11000023,Renmark Group,Renmark Group,16036
10007497,GW018354.1.1,83.08,UNK,38.4,39.01,44.68,44.07,11000023,110007,110008,Clay,UNK,UNK,,0,1,11000023,Loxton Parilla Sand,Loxton Sand,10825
10007497,GW018354.1.1,83.08,UNK,38.4,39.01,44.68,44.07,11000023,110007,110008,Clay,UNK,UNK,,0,1,11000023,Renmark Group,Renmark Group,16036
10007497,GW018354.1.1,83.08,UNK,39.01,41.15,44.07,41.93,11000023,110007,110008,Clay,UNK,UNK,,0,1,11000023,Loxton Parilla Sand,Loxton Sand,10825
10007497,GW018354.1.1,83.08,UNK,39.01,41.15,44.07,41.93,11000023,110007,110008,Clay,UNK,UNK,,0,1,11000023,Renmark Group,Renmark Group,16036
10007497,GW018354.1.1,83.08,UNK,41.15,43.89,41.93,39.19,11000023,110007,110008,Clay,UNK,UNK,,0,1,11000023,Loxton Parilla Sand,Loxton Sand,10825
10007497,GW018354.1.1,83.08,UNK,41.15,43.89,41.93,39.19,11000023,110007,110008,Clay,UNK,UNK,,0,1,11000023,Renmark Group,Renmark Group,16036
10007497,GW018354.1.1,83.08,UNK,43.89,44.81,39.19,38.27,11000023,110007,110008,Sand,UNK,UNK,,0,1,11000023,Loxton Parilla Sand,Loxton Sand,10825
10007497,GW018354.1.1,83.08,UNK,43.89,44.81,39.19,38.27,11000023,110007,110008,Sand,UNK,UNK,,0,1,11000023,Renmark Group,Renmark Group,16036
10076796,GW018512.1.1,77.71,UNK,0,3.66,77.71,74.05,11000014,104011,104010,Clay,UNK,UNK,,0,1,11000014,Shepparton Formation,Shepparton Formation,25474
10076796,GW018512.1.1,77.71,UNK,3.66,13.11,74.05,64.6,11000014,104011,104010,Clay,UNK,UNK,,0,1,11000014,Shepparton Formation,Shepparton Formation,25474
10076796,GW018512.1.1,77.71,UNK,13.11,16.15,64.6,61.56,11000014,104011,104010,Clay,UNK,UNK,,0,1,11000014,Shepparton Formation,Shepparton Formation,25474
10076796,GW018512.1.1,77.71,UNK,16.15,19.51,61.56,58.2,11000023,110007,110008,Sand,UNK,UNK,,0,1,11000023,Loxton Parilla Sand,Loxton Sand,10825
10076796,GW018512.1.1,77.71,UNK,16.15,19.51,61.56,58.2,11000023,110007,110008,Sand,UNK,UNK,,0,1,11000023,Renmark Group,Renmark Group,16036
10076796,GW018512.1.1,77.71,UNK,19.51,28.35,58.2,49.36,11000023,110007,110008,Clay,UNK,UNK,,0,1,11000023,Loxton Parilla Sand,Loxton Sand,10825
10076796,GW018512.1.1,77.71,UNK,19.51,28.35,58.2,49.36,11000023,110007,110008,Clay,UNK,UNK,,0,1,11000023,Renmark Group,Renmark Group,16036
10076796,GW018512.1.1,77.71,UNK,28.35,29.26,49.36,48.45,11000023,110007,110008,Clay,UNK,UNK,,0,1,11000023,Loxton Parilla Sand,Loxton Sand,10825
10076796,GW018512.1.1,77.71,UNK,28.35,29.26,49.36,48.45,11000023,110007,110008,Clay,UNK,UNK,,0,1,11000023,Renmark Group,Renmark Group,16036
10076796,GW018512.1.1,77.71,UNK,29.26,42.98,48.45,34.73,11000023,110007,110008,Sandstone,UNK,UNK,,0,1,11000023,Loxton Parilla Sand,Loxton Sand,10825
10076796,GW018512.1.1,77.71,UNK,29.26,42.98,48.45,34.73,11000023,110007,110008,Sandstone,UNK,UNK,,0,1,11000023,Renmark Group,Renmark Group,16036
10076796,GW018512.1.1,77.71,UNK,42.98,59.74,34.73,17.97,11000023,110007,110008,Invalid Code,UNK,UNK,,0,1,11000023,Loxton Parilla Sand,Loxton Sand,10825
10076796,GW018512.1.1,77.71,UNK,42.98,59.74,34.73,17.97,11000023,110007,110008,Invalid Code,UNK,UNK,,0,1,11000023,Renmark Group,Renmark Group,16036
10076796,GW018512.1.1,77.71,UNK,59.74,79.25,17.97,-1.54,11000024,115028,115024,Shale,UNK,UNK,,0,1,11000024,Lower Renmark Group,Renmark Group,16036
10076796,GW018512.1.1,77.71,UNK,79.25,126.8,-1.54,-49.09,11000024,115028,115024,Sandstone,UNK,UNK,,0,1,11000024,Lower Renmark Group,Renmark Group,16036
10086670,GW019121.1.1,72.86,UNK,0,0.3,72.86,72.56,11000018,100131,100003,Sand,UNK,UNK,,0,1,11000018,"Quaternary alluvial, lacustrine and colluvial sediments",,-999999
10086670,GW019121.1.1,72.86,UNK,0.3,6.1,72.56,66.76,11000018,100131,100003,Clay,UNK,UNK,,0,1,11000018,"Quaternary alluvial, lacustrine and colluvial sediments",,-999999
10086670,GW019121.1.1,72.86,UNK,6.1,10.36,66.76,62.5,11000018,100131,100003,,UNK,UNK,,0,1,11000018,"Quaternary alluvial, lacustrine and colluvial sediments",,-999999
10086670,GW019121.1.1,72.86,UNK,6.1,10.36,66.76,62.5,11000018,100131,100003,Clay,UNK,UNK,,0,1,11000018,"Quaternary alluvial, lacustrine and colluvial sediments",,-999999
10086670,GW019121.1.1,72.86,UNK,10.36,13.41,62.5,59.45,11000023,110007,110008,Sand,UNK,UNK,,0,1,11000023,Loxton Parilla Sand,Loxton Sand,10825
10086670,GW019121.1.1,72.86,UNK,10.36,13.41,62.5,59.45,11000023,110007,110008,Sand,UNK,UNK,,0,1,11000023,Renmark Group,Renmark Group,16036
10086670,GW019121.1.1,72.86,UNK,13.41,14.63,59.45,58.23,11000023,110007,110008,Clay,UNK,UNK,,0,1,11000023,Loxton Parilla Sand,Loxton Sand,10825
10086670,GW019121.1.1,72.86,UNK,13.41,14.63,59.45,58.23,11000023,110007,110008,Clay,UNK,UNK,,0,1,11000023,Renmark Group,Renmark Group,16036
10086670,GW019121.1.1,72.86,UNK,14.63,16.15,58.23,56.71,11000023,110007,110008,Sand,UNK,UNK,,0,1,11000023,Loxton Parilla Sand,Loxton Sand,10825
10086670,GW019121.1.1,72.86,UNK,14.63,16.15,58.23,56.71,11000023,110007,110008,Sand,UNK,UNK,,0,1,11000023,Renmark Group,Renmark Group,16036
10086670,GW019121.1.1,72.86,UNK,16.15,19.51,56.71,53.35,11000023,110007,110008,Clay,UNK,UNK,,0,1,11000023,Loxton Parilla Sand,Loxton Sand,10825
10086670,GW019121.1.1,72.86,UNK,16.15,19.51,56.71,53.35,11000023,110007,110008,Clay,UNK,UNK,,0,1,11000023,Renmark Group,Renmark Group,16036
10086670,GW019121.1.1,72.86,UNK,19.51,29.57,53.35,43.29,11000023,110007,110008,Sand,UNK,UNK,,0,1,11000023,Loxton Parilla Sand,Loxton Sand,10825
10086670,GW019121.1.1,72.86,UNK,19.51,29.57,53.35,43.29,11000023,110007,110008,Sand,UNK,UNK,,0,1,11000023,Renmark Group,Renmark Group,16036
10086670,GW019121.1.1,72.86,UNK,29.57,41.45,43.29,31.41,11000023,110007,110008,Sand,UNK,UNK,,0,1,11000023,Loxton Parilla Sand,Loxton Sand,10825
10086670,GW019121.1.1,72.86,UNK,29.57,41.45,43.29,31.41,11000023,110007,110008,Sand,UNK,UNK,,0,1,11000023,Renmark Group,Renmark Group,16036
10086670,GW019121.1.1,72.86,UNK,41.45,45.11,31.41,27.75,11000023,110007,110008,Sand,UNK,UNK,,0,1,11000023,Loxton Parilla Sand,Loxton Sand,10825
10086670,GW019121.1.1,72.86,UNK,41.45,45.11,31.41,27.75,11000023,110007,110008,Sand,UNK,UNK,,0,1,11000023,Renmark Group,Renmark Group,16036
10060345,GW021923.1.1,75.57,UNK,0,1.52,75.57,74.05,11000014,104011,104010,Soil,UNK,UNK,,0,1,11000014,Shepparton Formation,Shepparton Formation,25474
10060345,GW021923.1.1,75.57,UNK,1.52,24.38,74.05,51.19,11000014,104011,104010,Clay,UNK,UNK,,0,1,11000014,Shepparton Formation,Shepparton Formation,25474
10060345,GW021923.1.1,75.57,UNK,24.38,30.48,51.19,45.09,11000014,104011,104010,Clay,UNK,UNK,,0,1,11000014,Shepparton Formation,Shepparton Formation,25474
10060345,GW021923.1.1,75.57,UNK,30.48,37.19,45.09,38.38,11000023,110007,110008,Clay,UNK,UNK,,0,1,11000023,Loxton Parilla Sand,Loxton Sand,10825
10060345,GW021923.1.1,75.57,UNK,30.48,37.19,45.09,38.38,11000023,110007,110008,Clay,UNK,UNK,,0,1,11000023,Renmark Group,Renmark Group,16036
10060345,GW021923.1.1,75.57,UNK,37.19,38.71,38.38,36.86,11000023,110007,110008,Sand,UNK,UNK,,0,1,11000023,Loxton Parilla Sand,Loxton Sand,10825
10060345,GW021923.1.1,75.57,UNK,37.19,38.71,38.38,36.86,11000023,110007,110008,Sand,UNK,UNK,,0,1,11000023,Renmark Group,Renmark Group,16036
10060345,GW021923.1.1,75.57,UNK,38.71,51.82,36.86,23.75,11000023,110007,110008,Clay,UNK,UNK,,0,1,11000023,Loxton Parilla Sand,Loxton Sand,10825
10060345,GW021923.1.1,75.57,UNK,38.71,51.82,36.86,23.75,11000023,110007,110008,Clay,UNK,UNK,,0,1,11000023,Renmark Group,Renmark Group,16036
10060345,GW021923.1.1,75.57,UNK,51.82,53.04,23.75,22.53,11000023,110007,110008,Sand,UNK,UNK,,0,1,11000023,Loxton Parilla Sand,Loxton Sand,10825
10060345,GW021923.1.1,75.57,UNK,51.82,53.04,23.75,22.53,11000023,110007,110008,Sand,UNK,UNK,,0,1,11000023,Renmark Group,Renmark Group,16036
10060345,GW021923.1.1,75.57,UNK,53.04,71.32,22.53,4.25,11000023,110007,110008,Clay,UNK,UNK,,0,1,11000023,Loxton Parilla Sand,Loxton Sand,10825
10060345,GW021923.1.1,75.57,UNK,53.04,71.32,22.53,4.25,11000023,110007,110008,Clay,UNK,UNK,,0,1,11000023,Renmark Group,Renmark Group,16036
10060345,GW021923.1.1,75.57,UNK,71.32,79.25,4.25,-3.68,11000023,110007,110008,Invalid Code,UNK,UNK,,0,1,11000023,Loxton Parilla Sand,Loxton Sand,10825
10060345,GW021923.1.1,75.57,UNK,71.32,79.25,4.25,-3.68,11000023,110007,110008,Invalid Code,UNK,UNK,,0,1,11000023,Renmark Group,Renmark Group,16036
10060345,GW021923.1.1,75.57,UNK,79.25,80.47,-3.68,-4.9,11000024,115028,115024,(Unknown),UNK,UNK,,0,1,11000024,Lower Renmark Group,Renmark Group,16036
10013548,GW022021.1.1,72.2,UNK,0,4.57,72.2,67.63,11000016,105002,105002,Clay,UNK,UNK,,0,1,11000016,Blanchetown Clay,Blanchetown Clay,1918
10013548,GW022021.1.1,72.2,UNK,4.57,16.76,67.63,55.44,11000016,105002,105002,Clay,UNK,UNK,,0,1,11000016,Blanchetown Clay,Blanchetown Clay,1918
10013548,GW022021.1.1,72.2,UNK,16.76,27.43,55.44,44.77,11000023,110007,110008,Sand,UNK,UNK,,0,1,11000023,Loxton Parilla Sand,Loxton Sand,10825
10013548,GW022021.1.1,72.2,UNK,16.76,27.43,55.44,44.77,11000023,110007,110008,Sand,UNK,UNK,,0,1,11000023,Renmark Group,Renmark Group,16036
10013548,GW022021.1.1,72.2,UNK,27.43,39.62,44.77,32.58,11000023,110007,110008,Clay,UNK,UNK,,0,1,11000023,Loxton Parilla Sand,Loxton Sand,10825
10013548,GW022021.1.1,72.2,UNK,27.43,39.62,44.77,32.58,11000023,110007,110008,Clay,UNK,UNK,,0,1,11000023,Renmark Group,Renmark Group,16036
10013548,GW022021.1.1,72.2,UNK,39.62,42.37,32.58,29.83,11000023,110007,110008,Sandstone,UNK,UNK,,0,1,11000023,Loxton Parilla Sand,Loxton Sand,10825
10013548,GW022021.1.1,72.2,UNK,39.62,42.37,32.58,29.83,11000023,110007,110008,Sandstone,UNK,UNK,,0,1,11000023,Renmark Group,Renmark Group,16036
10108846,GW022463.1.1,74.05,UNK,0,1.83,74.05,72.22,11000014,104011,104010,Soil,UNK,UNK,,0,1,11000014,Shepparton Formation,Shepparton Formation,25474
10108846,GW022463.1.1,74.05,UNK,1.83,12.19,72.22,61.86,11000014,104011,104010,Clay,UNK,UNK,,0,1,11000014,Shepparton Formation,Shepparton Formation,25474
10108846,GW022463.1.1,74.05,UNK,12.19,28.35,61.86,45.7,11000014,104011,104010,Clay,UNK,UNK,,0,1,11000014,Shepparton Formation,Shepparton Formation,25474
10108846,GW022463.1.1,74.05,UNK,28.35,71.93,45.7,2.12,11000023,110007,110008,Sand,UNK,UNK,,0,1,11000023,Loxton Parilla Sand,Loxton Sand,10825
10108846,GW022463.1.1,74.05,UNK,28.35,71.93,45.7,2.12,11000023,110007,110008,Sand,UNK,UNK,,0,1,11000023,Renmark Group,Renmark Group,16036
10108846,GW022463.1.1,74.05,UNK,71.93,94.79,2.12,-20.74,11000024,115028,115024,Clay,UNK,UNK,,0,1,11000024,Lower Renmark Group,Renmark Group,16036
10108846,GW022463.1.1,74.05,UNK,94.79,96.32,-20.74,-22.27,11000024,115028,115024,Sand,UNK,UNK,,0,1,11000024,Lower Renmark Group,Renmark Group,16036
10078005,GW022667.1.1,75.98,UNK,0,0.61,75.98,75.37,11000014,104011,104010,Soil,UNK,UNK,,0,1,11000014,Shepparton Formation,Shepparton Formation,25474
10078005,GW022667.1.1,75.98,UNK,0.61,12.8,75.37,63.18,11000014,104011,104010,Clay,UNK,UNK,,0,1,11000014,Shepparton Formation,Shepparton Formation,25474
10078005,GW022667.1.1,75.98,UNK,12.8,13.72,63.18,62.26,11000014,104011,104010,Silt,UNK,UNK,,0,1,11000014,Shepparton Formation,Shepparton Formation,25474
10078005,GW022667.1.1,75.98,UNK,13.72,24.38,62.26,51.6,11000016,105002,105002,Clay,UNK,UNK,,0,1,11000016,Blanchetown Clay,Blanchetown Clay,1918
10078005,GW022667.1.1,75.98,UNK,24.38,38.1,51.6,37.88,11000016,105002,105002,Clay,UNK,UNK,,0,1,11000016,Blanchetown Clay,Blanchetown Clay,1918
10078005,GW022667.1.1,75.98,UNK,38.1,41.15,37.88,34.83,11000016,105002,105002,Clay,UNK,UNK,,0,1,11000016,Blanchetown Clay,Blanchetown Clay,1918
10078005,GW022667.1.1,75.98,UNK,41.15,46.63,34.83,29.35,11000023,110007,110008,Sand,UNK,UNK,,0,1,11000023,Loxton Parilla Sand,Loxton Sand,10825
10078005,GW022667.1.1,75.98,UNK,41.15,46.63,34.83,29.35,11000023,110007,110008,Sand,UNK,UNK,,0,1,11000023,Renmark Group,Renmark Group,16036
10066979,GW022669.1.1,72.72,UNK,0,0.61,72.72,72.11,11000018,100131,100003,Soil,UNK,UNK,,0,1,11000018,"Quaternary alluvial, lacustrine and colluvial sediments",,-999999
10066979,GW022669.1.1,72.72,UNK,0.61,10.67,72.11,62.05,11000018,100131,100003,Clay,UNK,UNK,,0,1,11000018,"Quaternary alluvial, lacustrine and colluvial sediments",,-999999
10066979,GW022669.1.1,72.72,UNK,10.67,16.76,62.05,55.96,11000018,100131,100003,Clay,UNK,UNK,,0,1,11000018,"Quaternary alluvial, lacustrine and colluvial sediments",,-999999
10066979,GW022669.1.1,72.72,UNK,16.76,21.34,55.96,51.38,11000016,105002,105002,Clay,UNK,UNK,,0,1,11000016,Blanchetown Clay,Blanchetown Clay,1918
10066979,GW022669.1.1,72.72,UNK,21.34,24.38,51.38,48.34,11000023,110007,110008,Clay,UNK,UNK,,0,1,11000023,Loxton Parilla Sand,Loxton Sand,10825
10066979,GW022669.1.1,72.72,UNK,21.34,24.38,51.38,48.34,11000023,110007,110008,Clay,UNK,UNK,,0,1,11000023,Renmark Group,Renmark Group,16036
10066979,GW022669.1.1,72.72,UNK,24.38,28.96,48.34,43.76,11000023,110007,110008,Silt,UNK,UNK,,0,1,11000023,Loxton Parilla Sand,Loxton Sand,10825
10066979,GW022669.1.1,72.72,UNK,24.38,28.96,48.34,43.76,11000023,110007,110008,Silt,UNK,UNK,,0,1,11000023,Renmark Group,Renmark Group,16036
10066979,GW022669.1.1,72.72,UNK,28.96,32.92,43.76,39.8,11000023,110007,110008,Sand,UNK,UNK,,0,1,11000023,Loxton Parilla Sand,Loxton Sand,10825
10066979,GW022669.1.1,72.72,UNK,28.96,32.92,43.76,39.8,11000023,110007,110008,Sand,UNK,UNK,,0,1,11000023,Renmark Group,Renmark Group,16036
10075954,GW026704.1.1,80.51,UNK,0,0.61,80.51,79.9,11000014,104011,104010,Soil,UNK,UNK,,0,1,11000014,Shepparton Formation,Shepparton Formation,25474
10075954,GW026704.1.1,80.51,UNK,0.61,7.32,79.9,73.19,11000014,104011,104010,Clay,UNK,UNK,,0,1,11000014,Shepparton Formation,Shepparton Formation,25474
10075954,GW026704.1.1,80.51,UNK,7.32,9.14,73.19,71.37,11000014,104011,104010,Clay,UNK,UNK,,0,1,11000014,Shepparton Formation,Shepparton Formation,25474
10075954,GW026704.1.1,80.51,UNK,9.14,19.81,71.37,60.7,11000023,110007,110008,Sand,UNK,UNK,,0,1,11000023,Loxton Parilla Sand,Loxton Sand,10825
10075954,GW026704.1.1,80.51,UNK,9.14,19.81,71.37,60.7,11000023,110007,110008,Sand,UNK,UNK,,0,1,11000023,Renmark Group,Renmark Group,16036
10075954,GW026704.1.1,80.51,UNK,19.81,24.38,60.7,56.13,11000023,110007,110008,Clay,UNK,UNK,,0,1,11000023,Loxton Parilla Sand,Loxton Sand,10825
10075954,GW026704.1.1,80.51,UNK,19.81,24.38,60.7,56.13,11000023,110007,110008,Clay,UNK,UNK,,0,1,11000023,Renmark Group,Renmark Group,16036
10075954,GW026704.1.1,80.51,UNK,24.38,27.43,56.13,53.08,11000023,110007,110008,Clay,UNK,UNK,,0,1,11000023,Loxton Parilla Sand,Loxton Sand,10825
10075954,GW026704.1.1,80.51,UNK,24.38,27.43,56.13,53.08,11000023,110007,110008,Clay,UNK,UNK,,0,1,11000023,Renmark Group,Renmark Group,16036
10075954,GW026704.1.1,80.51,UNK,27.43,28.96,53.08,51.55,11000023,110007,110008,Clay,UNK,UNK,,0,1,11000023,Loxton Parilla Sand,Loxton Sand,10825
10075954,GW026704.1.1,80.51,UNK,27.43,28.96,53.08,51.55,11000023,110007,110008,Clay,UNK,UNK,,0,1,11000023,Renmark Group,Renmark Group,16036
10075954,GW026704.1.1,80.51,UNK,28.96,45.11,51.55,35.4,11000023,110007,110008,Clay,UNK,UNK,,0,1,11000023,Loxton Parilla Sand,Loxton Sand,10825
10075954,GW026704.1.1,80.51,UNK,28.96,45.11,51.55,35.4,11000023,110007,110008,Clay,UNK,UNK,,0,1,11000023,Renmark Group,Renmark Group,16036
10075954,GW026704.1.1,80.51,UNK,45.11,46.63,35.4,33.88,11000023,110007,110008,Clay,UNK,UNK,,0,1,11000023,Loxton Parilla Sand,Loxton Sand,10825
10075954,GW026704.1.1,80.51,UNK,45.11,46.63,35.4,33.88,11000023,110007,110008,Clay,UNK,UNK,,0,1,11000023,Renmark Group,Renmark Group,16036
10075954,GW026704.1.1,80.51,UNK,46.63,48.16,33.88,32.35,11000024,115028,115024,Sandstone,UNK,UNK,,0,1,11000024,Lower Renmark Group,Renmark Group,16036
10075954,GW026704.1.1,80.51,UNK,48.16,48.77,32.35,31.74,11000024,115028,115024,Clay,UNK,UNK,,0,1,11000024,Lower Renmark Group,Renmark Group,16036
10075954,GW026704.1.1,80.51,UNK,48.77,51.21,31.74,29.3,11000024,115028,115024,Sandstone,UNK,UNK,,0,1,11000024,Lower Renmark Group,Renmark Group,16036
10075954,GW026704.1.1,80.51,UNK,51.21,51.82,29.3,28.69,11000024,115028,115024,Clay,UNK,UNK,,0,1,11000024,Lower Renmark Group,Renmark Group,16036
10075758,GW027508.1.1,72.99,UNK,0,1.52,72.99,71.47,11000018,100131,100003,Clay,UNK,UNK,,0,1,11000018,"Quaternary alluvial, lacustrine and colluvial sediments",,-999999
10075758,GW027508.1.1,72.99,UNK,1.52,9.14,71.47,63.85,11000018,100131,100003,Clay,UNK,UNK,,0,1,11000018,"Quaternary alluvial, lacustrine and colluvial sediments",,-999999
10075758,GW027508.1.1,72.99,UNK,9.14,18.29,63.85,54.7,11000023,110007,110008,Clay,UNK,UNK,,0,1,11000023,Loxton Parilla Sand,Loxton Sand,10825
10075758,GW027508.1.1,72.99,UNK,9.14,18.29,63.85,54.7,11000023,110007,110008,Clay,UNK,UNK,,0,1,11000023,Renmark Group,Renmark Group,16036
10075758,GW027508.1.1,72.99,UNK,18.29,30.48,54.7,42.51,11000023,110007,110008,Sand,UNK,UNK,,0,1,11000023,Loxton Parilla Sand,Loxton Sand,10825
10075758,GW027508.1.1,72.99,UNK,18.29,30.48,54.7,42.51,11000023,110007,110008,Sand,UNK,UNK,,0,1,11000023,Renmark Group,Renmark Group,16036
10128660,GW033354.1.1,72.99,UNK,0,3.05,72.99,69.94,11000014,104011,104010,Clay,UNK,UNK,,0,1,11000014,Shepparton Formation,Shepparton Formation,25474
10128660,GW033354.1.1,72.99,UNK,3.05,9.14,69.94,63.85,11000014,104011,104010,Clay,UNK,UNK,,0,1,11000014,Shepparton Formation,Shepparton Formation,25474
10128660,GW033354.1.1,72.99,UNK,9.14,18.29,63.85,54.7,11000014,104011,104010,Clay,UNK,UNK,,0,1,11000014,Shepparton Formation,Shepparton Formation,25474
10128660,GW033354.1.1,72.99,UNK,18.29,21.64,54.7,51.35,11000014,104011,104010,Clay,UNK,UNK,,0,1,11000014,Shepparton Formation,Shepparton Formation,25474
10128660,GW033354.1.1,72.99,UNK,21.64,22.86,51.35,50.13,11000014,104011,104010,Clay,UNK,UNK,,0,1,11000014,Shepparton Formation,Shepparton Formation,25474
10128660,GW033354.1.1,72.99,UNK,22.86,23.77,50.13,49.22,11000023,110007,110008,Sand,UNK,UNK,,0,1,11000023,Loxton Parilla Sand,Loxton Sand,10825
10128660,GW033354.1.1,72.99,UNK,22.86,23.77,50.13,49.22,11000023,110007,110008,Sand,UNK,UNK,,0,1,11000023,Renmark Group,Renmark Group,16036
10128660,GW033354.1.1,72.99,UNK,23.77,24.38,49.22,48.61,11000023,110007,110008,Clay,UNK,UNK,,0,1,11000023,Loxton Parilla Sand,Loxton Sand,10825
10128660,GW033354.1.1,72.99,UNK,23.77,24.38,49.22,48.61,11000023,110007,110008,Clay,UNK,UNK,,0,1,11000023,Renmark Group,Renmark Group,16036
10128528,GW034666.1.1,72.68,UNK,0,22.86,72.68,49.82,11000018,100131,100003,Clay,UNK,UNK,,0,1,11000018,"Quaternary alluvial, lacustrine and colluvial sediments",,-999999
10128528,GW034666.1.1,72.68,UNK,22.86,26.51,49.82,46.17,11000016,105002,105002,Clay,UNK,UNK,,0,1,11000016,Blanchetown Clay,Blanchetown Clay,1918
10128528,GW034666.1.1,72.68,UNK,26.51,37.18,46.17,35.5,11000023,110007,110008,Clay,UNK,UNK,,0,1,11000023,Loxton Parilla Sand,Loxton Sand,10825
10128528,GW034666.1.1,72.68,UNK,26.51,37.18,46.17,35.5,11000023,110007,110008,Clay,UNK,UNK,,0,1,11000023,Renmark Group,Renmark Group,16036
10128528,GW034666.1.1,72.68,UNK,37.18,42.36,35.5,30.32,11000023,110007,110008,Sand,UNK,UNK,,0,1,11000023,Loxton Parilla Sand,Loxton Sand,10825
10128528,GW034666.1.1,72.68,UNK,37.18,42.36,35.5,30.32,11000023,110007,110008,Sand,UNK,UNK,,0,1,11000023,Renmark Group,Renmark Group,16036
10002559,GW034971.1.1,86.94,UNK,0,0.6,86.94,86.34,11000014,104011,104010,Loam,UNK,UNK,,0,1,11000014,Shepparton Formation,Shepparton Formation,25474
10002559,GW034971.1.1,86.94,UNK,0.6,5.18,86.34,81.76,11000014,104011,104010,Limestone,UNK,UNK,,0,1,11000014,Shepparton Formation,Shepparton Formation,25474
10002559,GW034971.1.1,86.94,UNK,5.18,11.27,81.76,75.67,11000014,104011,104010,Clay,UNK,UNK,,0,1,11000014,Shepparton Formation,Shepparton Formation,25474
10002559,GW034971.1.1,86.94,UNK,11.27,18.28,75.67,68.66,11000023,110007,110008,Clay,UNK,UNK,,0,1,11000023,Loxton Parilla Sand,Loxton Sand,10825
10002559,GW034971.1.1,86.94,UNK,11.27,18.28,75.67,68.66,11000023,110007,110008,Clay,UNK,UNK,,0,1,11000023,Renmark Group,Renmark Group,16036
10002559,GW034971.1.1,86.94,UNK,18.28,21.64,68.66,65.3,11000023,110007,110008,Clay,UNK,UNK,,0,1,11000023,Loxton Parilla Sand,Loxton Sand,10825
10002559,GW034971.1.1,86.94,UNK,18.28,21.64,68.66,65.3,11000023,110007,110008,Clay,UNK,UNK,,0,1,11000023,Renmark Group,Renmark Group,16036
10002559,GW034971.1.1,86.94,UNK,21.64,22.55,65.3,64.39,11000023,110007,110008,Rock,UNK,UNK,,0,1,11000023,Loxton Parilla Sand,Loxton Sand,10825
10002559,GW034971.1.1,86.94,UNK,21.64,22.55,65.3,64.39,11000023,110007,110008,Rock,UNK,UNK,,0,1,11000023,Renmark Group,Renmark Group,16036
10002559,GW034971.1.1,86.94,UNK,22.55,25.9,64.39,61.04,11000023,110007,110008,Loam,UNK,UNK,,0,1,11000023,Loxton Parilla Sand,Loxton Sand,10825
10002559,GW034971.1.1,86.94,UNK,22.55,25.9,64.39,61.04,11000023,110007,110008,Loam,UNK,UNK,,0,1,11000023,Renmark Group,Renmark Group,16036
10002559,GW034971.1.1,86.94,UNK,25.9,26.67,61.04,60.27,11000023,110007,110008,Rock,UNK,UNK,,0,1,11000023,Loxton Parilla Sand,Loxton Sand,10825
10002559,GW034971.1.1,86.94,UNK,25.9,26.67,61.04,60.27,11000023,110007,110008,Rock,UNK,UNK,,0,1,11000023,Renmark Group,Renmark Group,16036
10002559,GW034971.1.1,86.94,UNK,26.67,31.24,60.27,55.7,11000023,110007,110008,Clay,UNK,UNK,,0,1,11000023,Loxton Parilla Sand,Loxton Sand,10825
10002559,GW034971.1.1,86.94,UNK,26.67,31.24,60.27,55.7,11000023,110007,110008,Clay,UNK,UNK,,0,1,11000023,Renmark Group,Renmark Group,16036
10002559,GW034971.1.1,86.94,UNK,31.24,37.33,55.7,49.61,11000023,110007,110008,Sandstone,UNK,UNK,,0,1,11000023,Loxton Parilla Sand,Loxton Sand,10825
10002559,GW034971.1.1,86.94,UNK,31.24,37.33,55.7,49.61,11000023,110007,110008,Sandstone,UNK,UNK,,0,1,11000023,Renmark Group,Renmark Group,16036
10002857,GW034972.1.1,80,UNK,0,0.6,80,79.4,11000014,104011,104010,Topsoil,UNK,UNK,,0,1,11000014,Shepparton Formation,Shepparton Formation,25474
10002857,GW034972.1.1,80,UNK,0.6,6.09,79.4,73.91,11000014,104011,104010,Clay,UNK,UNK,,0,1,11000014,Shepparton Formation,Shepparton Formation,25474
10002857,GW034972.1.1,80,UNK,6.09,7.62,73.91,72.38,11000014,104011,104010,Rock,UNK,UNK,,0,1,11000014,Shepparton Formation,Shepparton Formation,25474
10002857,GW034972.1.1,80,UNK,7.62,21.03,72.38,58.97,11000023,110007,110008,Sandstone,UNK,UNK,,0,1,11000023,Loxton Parilla Sand,Loxton Sand,10825
10002857,GW034972.1.1,80,UNK,7.62,21.03,72.38,58.97,11000023,110007,110008,Sandstone,UNK,UNK,,0,1,11000023,Renmark Group,Renmark Group,16036
10002857,GW034972.1.1,80,UNK,21.03,21.64,58.97,58.36,11000023,110007,110008,Sand,UNK,UNK,,0,1,11000023,Loxton Parilla Sand,Loxton Sand,10825
10002857,GW034972.1.1,80,UNK,21.03,21.64,58.97,58.36,11000023,110007,110008,Sand,UNK,UNK,,0,1,11000023,Renmark Group,Renmark Group,16036
10002857,GW034972.1.1,80,UNK,21.64,38.1,58.36,41.9,11000023,110007,110008,Sandstone,UNK,UNK,,0,1,11000023,Loxton Parilla Sand,Loxton Sand,10825
10002857,GW034972.1.1,80,UNK,21.64,38.1,58.36,41.9,11000023,110007,110008,Sandstone,UNK,UNK,,0,1,11000023,Renmark Group,Renmark Group,16036
10002857,GW034972.1.1,80,UNK,38.1,43.58,41.9,36.42,11000023,110007,110008,Clay,UNK,UNK,,0,1,11000023,Loxton Parilla Sand,Loxton Sand,10825
10002857,GW034972.1.1,80,UNK,38.1,43.58,41.9,36.42,11000023,110007,110008,Clay,UNK,UNK,,0,1,11000023,Renmark Group,Renmark Group,16036
10002857,GW034972.1.1,80,UNK,43.58,57.6,36.42,22.4,11000023,110007,110008,Sand,UNK,UNK,,0,1,11000023,Loxton Parilla Sand,Loxton Sand,10825
10002857,GW034972.1.1,80,UNK,43.58,57.6,36.42,22.4,11000023,110007,110008,Sand,UNK,UNK,,0,1,11000023,Renmark Group,Renmark Group,16036
10002857,GW034972.1.1,80,UNK,57.6,61.26,22.4,18.74,11000023,110007,110008,Sand,UNK,UNK,,0,1,11000023,Loxton Parilla Sand,Loxton Sand,10825
10002857,GW034972.1.1,80,UNK,57.6,61.26,22.4,18.74,11000023,110007,110008,Sand,UNK,UNK,,0,1,11000023,Renmark Group,Renmark Group,16036
10032308,GW035058.1.1,74.01,UNK,0,0.45,74.01,73.56,11000014,104011,104010,Topsoil,UNK,UNK,,0,1,11000014,Shepparton Formation,Shepparton Formation,25474
10032308,GW035058.1.1,74.01,UNK,0.45,3.04,73.56,70.97,11000014,104011,104010,Clay,UNK,UNK,,0,1,11000014,Shepparton Formation,Shepparton Formation,25474
10032308,GW035058.1.1,74.01,UNK,3.04,10.66,70.97,63.35,11000014,104011,104010,(Unknown),UNK,UNK,,0,1,11000014,Shepparton Formation,Shepparton Formation,25474
10032308,GW035058.1.1,74.01,UNK,10.66,17.98,63.35,56.03,11000023,110007,110008,Sandstone,UNK,UNK,,0,1,11000023,Loxton Parilla Sand,Loxton Sand,10825
10032308,GW035058.1.1,74.01,UNK,10.66,17.98,63.35,56.03,11000023,110007,110008,Sandstone,UNK,UNK,,0,1,11000023,Renmark Group,Renmark Group,16036
10032308,GW035058.1.1,74.01,UNK,17.98,19.5,56.03,54.51,11000023,110007,110008,Clay,UNK,UNK,,0,1,11000023,Loxton Parilla Sand,Loxton Sand,10825
10032308,GW035058.1.1,74.01,UNK,17.98,19.5,56.03,54.51,11000023,110007,110008,Clay,UNK,UNK,,0,1,11000023,Renmark Group,Renmark Group,16036
10032308,GW035058.1.1,74.01,UNK,19.5,19.59,54.51,54.42,11000023,110007,110008,Sand,UNK,UNK,,0,1,11000023,Loxton Parilla Sand,Loxton Sand,10825
10032308,GW035058.1.1,74.01,UNK,19.5,19.59,54.51,54.42,11000023,110007,110008,Sand,UNK,UNK,,0,1,11000023,Renmark Group,Renmark Group,16036
10032308,GW035058.1.1,74.01,UNK,19.59,28.74,54.42,45.27,11000023,110007,110008,Clay,UNK,UNK,,0,1,11000023,Loxton Parilla Sand,Loxton Sand,10825
10032308,GW035058.1.1,74.01,UNK,19.59,28.74,54.42,45.27,11000023,110007,110008,Clay,UNK,UNK,,0,1,11000023,Renmark Group,Renmark Group,16036
10032308,GW035058.1.1,74.01,UNK,28.74,38.4,45.27,35.61,11000023,110007,110008,Clay,UNK,UNK,,0,1,11000023,Loxton Parilla Sand,Loxton Sand,10825
10032308,GW035058.1.1,74.01,UNK,28.74,38.4,45.27,35.61,11000023,110007,110008,Clay,UNK,UNK,,0,1,11000023,Renmark Group,Renmark Group,16036
10032308,GW035058.1.1,74.01,UNK,38.4,50.59,35.61,23.42,11000023,110007,110008,Sand,UNK,UNK,,0,1,11000023,Loxton Parilla Sand,Loxton Sand,10825
10032308,GW035058.1.1,74.01,UNK,38.4,50.59,35.61,23.42,11000023,110007,110008,Sand,UNK,UNK,,0,1,11000023,Renmark Group,Renmark Group,16036
10036777,GW035405.1.1,74.82,UNK,0,0.6,74.82,74.22,11000018,100131,100003,Soil,UNK,UNK,,0,1,11000018,"Quaternary alluvial, lacustrine and colluvial sediments",,-999999
10036777,GW035405.1.1,74.82,UNK,0.6,10.66,74.22,64.16,11000018,100131,100003,Clay,UNK,UNK,,0,1,11000018,"Quaternary alluvial, lacustrine and colluvial sediments",,-999999
10036777,GW035405.1.1,74.82,UNK,10.66,16.76,64.16,58.06,11000023,110007,110008,Clay,UNK,UNK,,0,1,11000023,Loxton Parilla Sand,Loxton Sand,10825
10036777,GW035405.1.1,74.82,UNK,10.66,16.76,64.16,58.06,11000023,110007,110008,Clay,UNK,UNK,,0,1,11000023,Renmark Group,Renmark Group,16036
10036777,GW035405.1.1,74.82,UNK,16.76,21.33,58.06,53.49,11000023,110007,110008,Clay,UNK,UNK,,0,1,11000023,Loxton Parilla Sand,Loxton Sand,10825
10036777,GW035405.1.1,74.82,UNK,16.76,21.33,58.06,53.49,11000023,110007,110008,Clay,UNK,UNK,,0,1,11000023,Renmark Group,Renmark Group,16036
10036777,GW035405.1.1,74.82,UNK,21.33,24.38,53.49,50.44,11000023,110007,110008,Clay,UNK,UNK,,0,1,11000023,Loxton Parilla Sand,Loxton Sand,10825
10036777,GW035405.1.1,74.82,UNK,21.33,24.38,53.49,50.44,11000023,110007,110008,Clay,UNK,UNK,,0,1,11000023,Renmark Group,Renmark Group,16036
10036777,GW035405.1.1,74.82,UNK,24.38,28.95,50.44,45.87,11000023,110007,110008,Silt,UNK,UNK,,0,1,11000023,Loxton Parilla Sand,Loxton Sand,10825
10036777,GW035405.1.1,74.82,UNK,24.38,28.95,50.44,45.87,11000023,110007,110008,Silt,UNK,UNK,,0,1,11000023,Renmark Group,Renmark Group,16036
10036777,GW035405.1.1,74.82,UNK,28.95,35.05,45.87,39.77,11000023,110007,110008,Sand,UNK,UNK,,0,1,11000023,Loxton Parilla Sand,Loxton Sand,10825
10036777,GW035405.1.1,74.82,UNK,28.95,35.05,45.87,39.77,11000023,110007,110008,Sand,UNK,UNK,,0,1,11000023,Renmark Group,Renmark Group,16036
10145445,GW036806.1.1,74.39,UNK,0,1,74.39,73.39,11000018,100131,100003,Topsoil,UNK,UNK,,0,1,11000018,"Quaternary alluvial, lacustrine and colluvial sediments",,-999999
10145445,GW036806.1.1,74.39,UNK,1,7,73.39,67.39,11000018,100131,100003,Clay,UNK,UNK,,0,1,11000018,"Quaternary alluvial, lacustrine and colluvial sediments",,-999999
10145445,GW036806.1.1,74.39,UNK,7,29,67.39,45.39,11000018,100131,100003,Clay,UNK,UNK,,0,1,11000018,"Quaternary alluvial, lacustrine and colluvial sediments",,-999999
10145445,GW036806.1.1,74.39,UNK,29,34,45.39,40.39,11000023,110007,110008,Sand,UNK,UNK,,0,1,11000023,Loxton Parilla Sand,Loxton Sand,10825
10145445,GW036806.1.1,74.39,UNK,29,34,45.39,40.39,11000023,110007,110008,Sand,UNK,UNK,,0,1,11000023,Renmark Group,Renmark Group,16036
10145445,GW036806.1.1,74.39,UNK,34,46,40.39,28.39,11000023,110007,110008,Sand,UNK,UNK,,0,1,11000023,Loxton Parilla Sand,Loxton Sand,10825
10145445,GW036806.1.1,74.39,UNK,34,46,40.39,28.39,11000023,110007,110008,Sand,UNK,UNK,,0,1,11000023,Renmark Group,Renmark Group,16036
10145445,GW036806.1.1,74.39,UNK,46,52,28.39,22.39,11000023,110007,110008,Sand,UNK,UNK,,0,1,11000023,Loxton Parilla Sand,Loxton Sand,10825
10145445,GW036806.1.1,74.39,UNK,46,52,28.39,22.39,11000023,110007,110008,Sand,UNK,UNK,,0,1,11000023,Renmark Group,Renmark Group,16036
10145445,GW036806.1.1,74.39,UNK,52,59,22.39,15.39,11000023,110007,110008,Clay,UNK,UNK,,0,1,11000023,Loxton Parilla Sand,Loxton Sand,10825
10145445,GW036806.1.1,74.39,UNK,52,59,22.39,15.39,11000023,110007,110008,Clay,UNK,UNK,,0,1,11000023,Renmark Group,Renmark Group,16036
10145445,GW036806.1.1,74.39,UNK,59,61,15.39,13.39,11000023,110007,110008,Sand,UNK,UNK,,0,1,11000023,Loxton Parilla Sand,Loxton Sand,10825
10145445,GW036806.1.1,74.39,UNK,59,61,15.39,13.39,11000023,110007,110008,Sand,UNK,UNK,,0,1,11000023,Renmark Group,Renmark Group,16036
10145445,GW036806.1.1,74.39,UNK,61,62,13.39,12.39,11000023,110007,110008,Clay,UNK,UNK,,0,1,11000023,Loxton Parilla Sand,Loxton Sand,10825
10145445,GW036806.1.1,74.39,UNK,61,62,13.39,12.39,11000023,110007,110008,Clay,UNK,UNK,,0,1,11000023,Renmark Group,Renmark Group,16036
10145445,GW036806.1.1,74.39,UNK,62,70,12.39,4.39,11000023,110007,110008,Clay,UNK,UNK,,0,1,11000023,Loxton Parilla Sand,Loxton Sand,10825
10145445,GW036806.1.1,74.39,UNK,62,70,12.39,4.39,11000023,110007,110008,Clay,UNK,UNK,,0,1,11000023,Renmark Group,Renmark Group,16036
10145445,GW036806.1.1,74.39,UNK,70,75,4.39,-0.61,11000023,110007,110008,Sand,UNK,UNK,,0,1,11000023,Loxton Parilla Sand,Loxton Sand,10825
10145445,GW036806.1.1,74.39,UNK,70,75,4.39,-0.61,11000023,110007,110008,Sand,UNK,UNK,,0,1,11000023,Renmark Group,Renmark Group,16036
10145445,GW036806.1.1,74.39,UNK,75,76,-0.61,-1.61,11000010,133238,133270,Rock,UNK,UNK,,0,1,11000010,Lachlan Fold Belt - Undifferentiated,,-999999
10145445,GW036806.1.1,74.39,UNK,76,78,-1.61,-3.61,11000010,133238,133270,Sandstone,UNK,UNK,,0,1,11000010,Lachlan Fold Belt - Undifferentiated,,-999999
10145445,GW036806.1.1,74.39,UNK,78,90,-3.61,-15.61,11000010,133238,133270,(Unknown),UNK,UNK,,0,1,11000010,Lachlan Fold Belt - Undifferentiated,,-999999
10145445,GW036806.1.1,74.39,UNK,90,115,-15.61,-40.61,11000010,133238,133270,(Unknown),UNK,UNK,,0,1,11000010,Lachlan Fold Belt - Undifferentiated,,-999999
10145445,GW036806.1.1,74.39,UNK,115,116,-40.61,-41.61,11000010,133238,133270,Bedrock,UNK,UNK,,0,1,11000010,Lachlan Fold Belt - Undifferentiated,,-999999
10145445,GW036806.1.1,74.39,UNK,116,117,-41.61,-42.61,11000010,133238,133270,(Unknown),UNK,UNK,,0,1,11000010,Lachlan Fold Belt - Undifferentiated,,-999999
10135181,GW036807.1.1,71.06,UNK,0,1,71.06,70.06,11000014,104011,104010,Topsoil,UNK,UNK,,0,1,11000014,Shepparton Formation,Shepparton Formation,25474
10135181,GW036807.1.1,71.06,UNK,1,5,70.06,66.06,11000014,104011,104010,Clay,UNK,UNK,,0,1,11000014,Shepparton Formation,Shepparton Formation,25474
10135181,GW036807.1.1,71.06,UNK,5,12,66.06,59.06,11000014,104011,104010,Clay,UNK,UNK,,0,1,11000014,Shepparton Formation,Shepparton Formation,25474
10135181,GW036807.1.1,71.06,UNK,12,14,59.06,57.06,11000014,104011,104010,Clay,UNK,UNK,,0,1,11000014,Shepparton Formation,Shepparton Formation,25474
10135181,GW036807.1.1,71.06,UNK,14,45,57.06,26.06,11000016,105002,105002,Clay,UNK,UNK,,0,1,11000016,Blanchetown Clay,Blanchetown Clay,1918
10135181,GW036807.1.1,71.06,UNK,45,52,26.06,19.06,11000023,110007,110008,Clay,UNK,UNK,,0,1,11000023,Loxton Parilla Sand,Loxton Sand,10825
10135181,GW036807.1.1,71.06,UNK,45,52,26.06,19.06,11000023,110007,110008,Clay,UNK,UNK,,0,1,11000023,Renmark Group,Renmark Group,16036
10135181,GW036807.1.1,71.06,UNK,52,56,19.06,15.06,11000023,110007,110008,Sand,UNK,UNK,,0,1,11000023,Loxton Parilla Sand,Loxton Sand,10825
10135181,GW036807.1.1,71.06,UNK,52,56,19.06,15.06,11000023,110007,110008,Sand,UNK,UNK,,0,1,11000023,Renmark Group,Renmark Group,16036
10135181,GW036807.1.1,71.06,UNK,56,64,15.06,7.06,11000023,110007,110008,Clay,UNK,UNK,,0,1,11000023,Loxton Parilla Sand,Loxton Sand,10825
10135181,GW036807.1.1,71.06,UNK,56,64,15.06,7.06,11000023,110007,110008,Clay,UNK,UNK,,0,1,11000023,Renmark Group,Renmark Group,16036
10135181,GW036807.1.1,71.06,UNK,64,82,7.06,-10.94,11000024,115028,115024,Clay,UNK,UNK,,0,1,11000024,Lower Renmark Group,Renmark Group,16036
10135181,GW036807.1.1,71.06,UNK,82,92,-10.94,-20.94,11000024,115028,115024,Clay,UNK,UNK,,0,1,11000024,Lower Renmark Group,Renmark Group,16036
10135181,GW036807.1.1,71.06,UNK,92,99,-20.94,-27.94,11000024,115028,115024,Sandstone,UNK,UNK,,0,1,11000024,Lower Renmark Group,Renmark Group,16036
10135181,GW036807.1.1,71.06,UNK,99,105,-27.94,-33.94,11000024,115028,115024,Clay,UNK,UNK,,0,1,11000024,Lower Renmark Group,Renmark Group,16036
10135181,GW036807.1.1,71.06,UNK,105,142,-33.94,-70.94,11000024,115028,115024,Clay,UNK,UNK,,0,1,11000024,Lower Renmark Group,Renmark Group,16036
10135181,GW036807.1.1,71.06,UNK,142,152,-70.94,-80.94,11000010,133238,133270,Rock,UNK,UNK,,0,1,11000010,Lachlan Fold Belt - Undifferentiated,,-999999
10003699,GW042677.1.1,73.57,UNK,0,15,73.57,58.57,-19999999,-9999,-9999,Sand,UNK,UNK,,0,1,-19999999,Unknown,,-999999
10003699,GW042677.1.1,73.57,UNK,15,36,58.57,37.57,11000023,110007,110008,Clay,UNK,UNK,,0,1,11000023,Loxton Parilla Sand,Loxton Sand,10825
10003699,GW042677.1.1,73.57,UNK,15,36,58.57,37.57,11000023,110007,110008,Clay,UNK,UNK,,0,1,11000023,Renmark Group,Renmark Group,16036
10003699,GW042677.1.1,73.57,UNK,36,55,37.57,18.57,11000023,110007,110008,Clay,UNK,UNK,,0,1,11000023,Loxton Parilla Sand,Loxton Sand,10825
10003699,GW042677.1.1,73.57,UNK,36,55,37.57,18.57,11000023,110007,110008,Clay,UNK,UNK,,0,1,11000023,Renmark Group,Renmark Group,16036
10003699,GW042677.1.1,73.57,UNK,55,62,18.57,11.57,11000023,110007,110008,Clay,UNK,UNK,,0,1,11000023,Loxton Parilla Sand,Loxton Sand,10825
10003699,GW042677.1.1,73.57,UNK,55,62,18.57,11.57,11000023,110007,110008,Clay,UNK,UNK,,0,1,11000023,Renmark Group,Renmark Group,16036
10003699,GW042677.1.1,73.57,UNK,62,73.25,11.57,0.32,11000023,110007,110008,Shale,UNK,UNK,,0,1,11000023,Loxton Parilla Sand,Loxton Sand,10825
10003699,GW042677.1.1,73.57,UNK,62,73.25,11.57,0.32,11000023,110007,110008,Shale,UNK,UNK,,0,1,11000023,Renmark Group,Renmark Group,16036
10003953,GW042678.1.1,78.74,UNK,0,50,78.74,28.74,11000023,110007,110008,Shale,UNK,UNK,,0,1,11000023,Loxton Parilla Sand,Loxton Sand,10825
10003953,GW042678.1.1,78.74,UNK,0,50,78.74,28.74,11000023,110007,110008,Clay,UNK,UNK,,0,1,11000023,Loxton Parilla Sand,Loxton Sand,10825
10003953,GW042678.1.1,78.74,UNK,0,50,78.74,28.74,11000023,110007,110008,,UNK,UNK,,0,1,11000023,Loxton Parilla Sand,Loxton Sand,10825
10003953,GW042678.1.1,78.74,UNK,0,50,78.74,28.74,11000023,110007,110008,Shale,UNK,UNK,,0,1,11000023,Renmark Group,Renmark Group,16036
10003953,GW042678.1.1,78.74,UNK,0,50,78.74,28.74,11000023,110007,110008,Clay,UNK,UNK,,0,1,11000023,Renmark Group,Renmark Group,16036
10003953,GW042678.1.1,78.74,UNK,0,50,78.74,28.74,11000023,110007,110008,,UNK,UNK,,0,1,11000023,Renmark Group,Renmark Group,16036
10003953,GW042678.1.1,78.74,UNK,50,77.83,28.74,0.91,11000024,115028,115024,Sandstone,UNK,UNK,,0,1,11000024,Lower Renmark Group,Renmark Group,16036
10003953,GW042678.1.1,78.74,UNK,50,77.83,28.74,0.91,11000024,115028,115024,Sand,UNK,UNK,,0,1,11000024,Lower Renmark Group,Renmark Group,16036
10003560,GW042679.1.1,78.46,UNK,0,64,78.46,14.46,11000010,133238,133270,Clay,UNK,UNK,,0,1,11000010,Lachlan Fold Belt - Undifferentiated,,-999999
10003560,GW042679.1.1,78.46,UNK,64,69.26,14.46,9.2,11000010,133238,133270,Gravel,UNK,UNK,,0,1,11000010,Lachlan Fold Belt - Undifferentiated,,-999999
10003560,GW042679.1.1,78.46,UNK,69.26,71.76,9.2,6.7,11000010,133238,133270,Clay,UNK,UNK,,0,1,11000010,Lachlan Fold Belt - Undifferentiated,,-999999
10003560,GW042679.1.1,78.46,UNK,71.76,71.79,6.7,6.67,11000010,133238,133270,Rock,UNK,UNK,,0,1,11000010,Lachlan Fold Belt - Undifferentiated,,-999999
10028598,GW057138.1.1,76.06,UNK,0,1.2,76.06,74.86,11000018,100131,100003,Clay,UNK,UNK,,0,1,11000018,"Quaternary alluvial, lacustrine and colluvial sediments",,-999999
10028598,GW057138.1.1,76.06,UNK,1.2,10.1,74.86,65.96,11000018,100131,100003,Clay,UNK,UNK,,0,1,11000018,"Quaternary alluvial, lacustrine and colluvial sediments",,-999999
10028598,GW057138.1.1,76.06,UNK,10.1,11,65.96,65.06,11000023,110007,110008,Sand,UNK,UNK,,0,1,11000023,Loxton Parilla Sand,Loxton Sand,10825
10028598,GW057138.1.1,76.06,UNK,10.1,11,65.96,65.06,11000023,110007,110008,Sand,UNK,UNK,,0,1,11000023,Renmark Group,Renmark Group,16036
10028598,GW057138.1.1,76.06,UNK,11,20.4,65.06,55.66,11000023,110007,110008,Clay,UNK,UNK,,0,1,11000023,Loxton Parilla Sand,Loxton Sand,10825
10028598,GW057138.1.1,76.06,UNK,11,20.4,65.06,55.66,11000023,110007,110008,Clay,UNK,UNK,,0,1,11000023,Renmark Group,Renmark Group,16036
10028598,GW057138.1.1,76.06,UNK,20.4,35.7,55.66,40.36,11000023,110007,110008,Clay,UNK,UNK,,0,1,11000023,Loxton Parilla Sand,Loxton Sand,10825
10028598,GW057138.1.1,76.06,UNK,20.4,35.7,55.66,40.36,11000023,110007,110008,Clay,UNK,UNK,,0,1,11000023,Renmark Group,Renmark Group,16036
10028598,GW057138.1.1,76.06,UNK,35.7,40.5,40.36,35.56,11000023,110007,110008,Sand,UNK,UNK,,0,1,11000023,Loxton Parilla Sand,Loxton Sand,10825
10028598,GW057138.1.1,76.06,UNK,35.7,40.5,40.36,35.56,11000023,110007,110008,Sand,UNK,UNK,,0,1,11000023,Renmark Group,Renmark Group,16036
10028598,GW057138.1.1,76.06,UNK,40.5,41.8,35.56,34.26,11000024,115028,115024,Sand,UNK,UNK,,0,1,11000024,Lower Renmark Group,Renmark Group,16036
10028598,GW057138.1.1,76.06,UNK,41.8,42.7,34.26,33.36,11000024,115028,115024,Clay,UNK,UNK,,0,1,11000024,Lower Renmark Group,Renmark Group,16036
10140006,GW088212.1.1,,NGS,0,0.5,,,-19999999,-9999,-9999,,Mark Mitchell,DL,,1,1,-19999999,Unknown,,-999999
10140006,GW088212.1.1,,NGS,0.5,6,,,-19999999,-9999,-9999,,Mark Mitchell,DL,,1,1,-19999999,Unknown,,-999999
10140006,GW088212.1.1,,NGS,6,13.5,,,-19999999,-9999,-9999,,Mark Mitchell,DL,,1,1,-19999999,Unknown,,-999999
10045062,GW088214.1.1,37.66,UNK,0,0.5,37.66,37.16,11000018,100131,100003,Clay,UNK,UNK,,0,1,11000018,"Quaternary alluvial, lacustrine and colluvial sediments",,-999999
10045062,GW088214.1.1,37.66,UNK,0.5,1,37.16,36.66,11000018,100131,100003,Sandy Clay,UNK,UNK,,0,1,11000018,"Quaternary alluvial, lacustrine and colluvial sediments",,-999999
10045062,GW088214.1.1,37.66,UNK,1,3,36.66,34.66,11000018,100131,100003,Clay,UNK,UNK,,0,1,11000018,"Quaternary alluvial, lacustrine and colluvial sediments",,-999999
10045062,GW088214.1.1,37.66,UNK,3,3.5,34.66,34.16,11000018,100131,100003,Clay,UNK,UNK,,0,1,11000018,"Quaternary alluvial, lacustrine and colluvial sediments",,-999999
10146089,GW098195.1.1,101.99,NGS,0,15,101.99,86.99,-19999999,-9999,-9999,Narrabri formation.,DWE,DU,,1,1,-19999999,Unknown,,-999999
10146089,GW098195.1.1,101.99,NGS,15,34,86.99,67.99,-19999999,-9999,-9999,Gunnedah formation.,DWE,DU,,1,1,-19999999,Unknown,,-999999
10146089,GW098195.1.1,101.99,NGS,34,39,67.99,62.99,-19999999,-9999,-9999,Cubbaroo formation.,DWE,DU,,1,1,-19999999,Unknown,,-999999
10146089,GW098195.1.1,101.99,NGS,39,42,62.99,59.99,-19999999,-9999,-9999,Mesozoic.,DWE,DU,,1,1,-19999999,Unknown,,-999999
10125619,GW098196.1.1,101.33,NGS,0,17,101.33,84.33,-19999999,-9999,-9999,Narrabri formation.,DWE,DU,,1,1,-19999999,Unknown,,-999999
10125619,GW098196.1.1,101.33,NGS,17,40,84.33,61.33,-19999999,-9999,-9999,Gunnedah formation.,DWE,DU,,1,1,-19999999,Unknown,,-999999
10125619,GW098196.1.1,101.33,NGS,40,65,61.33,36.33,-19999999,-9999,-9999,Cubbaroo formation.,DWE,DU,,1,1,-19999999,Unknown,,-999999
10125619,GW098196.1.1,101.33,NGS,65,74,36.33,27.33,-19999999,-9999,-9999,Mesozoic.,DWE,DU,,1,1,-19999999,Unknown,,-999999
10125383,GW098197.2.2,101.06,NGS,0,77,101.06,24.06,-19999999,-9999,-9999,Unknown.,DWE,DU,,1,1,-19999999,Unknown,,-999999
10125383,GW098197.2.2,101.06,NGS,77,82,24.06,19.06,-19999999,-9999,-9999,Mesozoic.,DWE,DU,,1,1,-19999999,Unknown,,-999999
10146090,GW098198.1.1,101.62,NGS,0,5,101.62,96.62,-19999999,-9999,-9999,Narrabri formation.,DWE,DU,,1,1,-19999999,Unknown,,-999999
10146090,GW098198.1.1,101.62,NGS,5,17,96.62,84.62,-19999999,-9999,-9999,Mesozoic.,DWE,DU,,1,1,-19999999,Unknown,,-999999
10145057,GW098199.2.2,102.09,NGS,0,111,102.09,-8.91,-19999999,-9999,-9999,Unknown,DWE,DU,,1,1,-19999999,Unknown,,-999999
10145057,GW098199.2.2,102.09,NGS,111,112,-8.91,-9.91,-19999999,-9999,-9999,Mesozoic.,DWE,DU,,1,1,-19999999,Unknown,,-999999
10120364,GW098200.1.1,102.21,NGS,0,8,102.21,94.21,-19999999,-9999,-9999,Narrabri formation.,DWE,DU,,1,1,-19999999,Unknown,,-999999
10120364,GW098200.1.1,102.21,NGS,8,17,94.21,85.21,-19999999,-9999,-9999,Mesozoic.,DWE,DU,,1,1,-19999999,Unknown,,-999999
10128946,GW098201.1.1,100.9,NGS,0,40,100.9,60.9,-19999999,-9999,-9999,Narrabri formation.,DWE,DU,,1,1,-19999999,Unknown,,-999999
10128946,GW098201.1.1,100.9,NGS,40,117,60.9,-16.1,-19999999,-9999,-9999,Mesozoic.,DWE,DU,,1,1,-19999999,Unknown,,-999999
10117676,GW600007.1.1,80.27,UNK,0,1,80.27,79.27,11000018,100131,100003,,UNK,UNK,,0,1,11000018,"Quaternary alluvial, lacustrine and colluvial sediments",,-999999
10117676,GW600007.1.1,80.27,UNK,1,7.5,79.27,72.77,11000018,100131,100003,Invalid Code,UNK,UNK,,0,1,11000018,"Quaternary alluvial, lacustrine and colluvial sediments",,-999999
10117676,GW600007.1.1,80.27,UNK,7.5,10.5,72.77,69.77,11000018,100131,100003,Invalid Code,UNK,UNK,,0,1,11000018,"Quaternary alluvial, lacustrine and colluvial sediments",,-999999
10117676,GW600007.1.1,80.27,UNK,10.5,21.7,69.77,58.57,11000016,105002,105002,Gabbro,UNK,UNK,,0,1,11000016,Blanchetown Clay,Blanchetown Clay,1918
10117676,GW600007.1.1,80.27,UNK,21.7,23.4,58.57,56.87,11000016,105002,105002,Gabbro,UNK,UNK,,0,1,11000016,Blanchetown Clay,Blanchetown Clay,1918
10117676,GW600007.1.1,80.27,UNK,23.4,24,56.87,56.27,11000016,105002,105002,Gabbro,UNK,UNK,,0,1,11000016,Blanchetown Clay,Blanchetown Clay,1918
10119558,GW600081.1.1,70.23,UNK,0,1,70.23,69.23,11000018,100131,100003,Topsoil,UNK,UNK,,0,1,11000018,"Quaternary alluvial, lacustrine and colluvial sediments",,-999999
10119558,GW600081.1.1,70.23,UNK,1,5,69.23,65.23,11000018,100131,100003,Clay,UNK,UNK,,0,1,11000018,"Quaternary alluvial, lacustrine and colluvial sediments",,-999999
10119558,GW600081.1.1,70.23,UNK,5,10,65.23,60.23,11000018,100131,100003,Sand,UNK,UNK,,0,1,11000018,"Quaternary alluvial, lacustrine and colluvial sediments",,-999999
10119558,GW600081.1.1,70.23,UNK,10,13,60.23,57.23,11000016,105002,105002,Clay,UNK,UNK,,0,1,11000016,Blanchetown Clay,Blanchetown Clay,1918
10119558,GW600081.1.1,70.23,UNK,13,30,57.23,40.23,11000023,110007,110008,Sand,UNK,UNK,,0,1,11000023,Loxton Parilla Sand,Loxton Sand,10825
10119558,GW600081.1.1,70.23,UNK,13,30,57.23,40.23,11000023,110007,110008,Sand,UNK,UNK,,0,1,11000023,Renmark Group,Renmark Group,16036
10119558,GW600081.1.1,70.23,UNK,30,39,40.23,31.23,11000023,110007,110008,Sand,UNK,UNK,,0,1,11000023,Loxton Parilla Sand,Loxton Sand,10825
10119558,GW600081.1.1,70.23,UNK,30,39,40.23,31.23,11000023,110007,110008,Sand,UNK,UNK,,0,1,11000023,Renmark Group,Renmark Group,16036
10119558,GW600081.1.1,70.23,UNK,39,40,31.23,30.23,11000023,110007,110008,Clay,UNK,UNK,,0,1,11000023,Loxton Parilla Sand,Loxton Sand,10825
10119558,GW600081.1.1,70.23,UNK,39,40,31.23,30.23,11000023,110007,110008,Clay,UNK,UNK,,0,1,11000023,Renmark Group,Renmark Group,16036
10127504,GW600082.1.1,71.09,UNK,0,1,71.09,70.09,11000018,100131,100003,(Unknown),UNK,UNK,,0,1,11000018,"Quaternary alluvial, lacustrine and colluvial sediments",,-999999
10127504,GW600082.1.1,71.09,UNK,1,18,70.09,53.09,11000018,100131,100003,Invalid Code,UNK,UNK,,0,1,11000018,"Quaternary alluvial, lacustrine and colluvial sediments",,-999999
10127504,GW600082.1.1,71.09,UNK,18,39,53.09,32.09,11000023,110007,110008,Sand,UNK,UNK,,0,1,11000023,Loxton Parilla Sand,Loxton Sand,10825
10127504,GW600082.1.1,71.09,UNK,18,39,53.09,32.09,11000023,110007,110008,Sand,UNK,UNK,,0,1,11000023,Renmark Group,Renmark Group,16036
10119710,GW804172.1.1,,NGS,0,31.5,,,-19999999,-9999,-9999,"Quarternary. aeolian sand, clay, limonite bands",MR & D,DC,,1,1,-19999999,Unknown,,-999999
10119710,GW804172.1.1,,NGS,31.5,32.8,,,-19999999,-9999,-9999,Tertiary. silcrete.,MR & D,DC,,1,1,-19999999,Unknown,,-999999
10119710,GW804172.1.1,,NGS,32.8,132.2,,,-19999999,-9999,-9999,"Cretaceous. wallumbilla formation - coreena mbr. claystone, mudstone.",MR & D,DC,,1,1,-19999999,Unknown,,-999999
10119710,GW804172.1.1,,NGS,132.2,294,,,-19999999,-9999,-9999,"Cretaceous. wallumbilla formation - doncaster mbr. dark grey carbonaceous claystone, mudstone.",MR & D,DC,,1,1,-19999999,Unknown,,-999999
10119710,GW804172.1.1,,NGS,294,332.3,,,-19999999,-9999,-9999,Cretaceous. cadna-owie formation. clayey sandstone & siltstone.,MR & D,DC,,1,1,-19999999,Unknown,,-999999
10119710,GW804172.1.1,,NGS,332.3,394.9,,,-19999999,-9999,-9999,Cretaceous/jurassic. hooray sandstone. sandstone & unconsolidated sand with coarse cobbles.,MR & D,DC,,1,1,-19999999,Unknown,,-999999
10119710,GW804172.1.1,,NGS,394.9,408,,,-19999999,-9999,-9999,Lower palaeozoic. metamorphic basement. white highly weathered soft kaolinite at the unconformity with minor milky quartz fragments.,MR & D,DC,,1,1,-19999999,Unknown,,-999999
10119710,GW804172.1.1,,NGS,408,425.8,,,-19999999,-9999,-9999,Dark green to grey metasediments (chloritic phyllite) - showing quartz veining - highly fractured in places.,MR & D,DC,,1,1,-19999999,Unknown,,-999999
10850330,MIN_003420,,UNK,0,8.53,,,,,,,,MINEX,,,,,,Woorinen Formation,20618
10850330,MIN_003420,,UNK,8.53,488.9,,,,,,,,MINEX,,,,,,Louth Volcanics,78367
10850330,MIN_003420,,UNK,488.9,623.9,,,,,,,,MINEX,,,,,,Nangunyah Formation,82610
10850331,MIN_003421,,UNK,0,38.1,,,,,,,,MINEX,,,,,,Woorinen Formation,20618
10850331,MIN_003421,,UNK,38.1,570.89,,,,,,,,MINEX,,,,,,Nangunyah Formation,82610
10850332,MIN_003422,,UNK,0,5.49,,,,,,,,MINEX,,,,,,Alluvium,-999999
10850332,MIN_003422,,UNK,5.49,297.79,,,,,,,,MINEX,,,,,,Louth Volcanics,78367
10850333,MIN_003423,,UNK,0,12.5,,,,,,,,MINEX,,,,,,Woorinen Formation,20618
10850333,MIN_003423,,UNK,12.5,231,,,,,,,,MINEX,,,,,,Louth Volcanics,78367
10850280,MIN_009659,,UNK,0,10,,,,,,,,MINEX,,,,,,Alluvium,-999999
10850280,MIN_009659,,UNK,10,300,,,,,,,,MINEX,,,,,,Biddabirra Formation,28129
10850281,MIN_009660,,UNK,0,22,,,,,,,,MINEX,,,,,,Alluvium,-999999
10850281,MIN_009660,,UNK,22,201,,,,,,,,MINEX,,,,,,Biddabirra Formation,28129
10850282,MIN_009663,,UNK,0,12,,,,,,,,MINEX,,,,,,Alluvium,-999999
10850282,MIN_009663,,UNK,12,201,,,,,,,,MINEX,,,,,,Biddabirra Formation,28129
10850251,MIN_012395,,UNK,5.5,212.5,,,,,,,,MINEX,,,,,,Narrama Formation,73364
10850401,MIN_012424,,UNK,4,215.5,,,,,,,,MINEX,,,,,,Girilambone Group,27158
10850246,MIN_016552,,UNK,0,501,,,,,,,,MINEX,,,,,,Narrama Formation,73364
